"genome site","probability"
"rrrD",0.0534540970551573
"proK",0.0132391744647096
"acrA",0.8633925357356
"evgS",0.7752789241992
"topA",0.538775814809625
"mrdA",0.952156411421714
"araJ",0.0547568813737535
"pcnB",0.0125610974445302
"thrA",7.38327833466499e-05
"mrdB",0.275700155282487
"mokC-nhaA",0.999628326822319
"satP",0.925362769317012
"ybaL",0.999999598168974
"clsA",0.032033517885383
"murE",0.999168428207922
"ompF-asnS",0.999558336848689
"ftsW",0.99917118699355
"dgt",2.58482415958269e-05
"secF",0.151757479493887
"ECB_00212",0.798271456087542
"cyoA-ampG",0.0784144158089643
"lon-hupB",0.999221181591365
"mraZ",0.999999234384928
"yahA",0.0101947217009942
"fsr",0.0725018714920592
"frmB",0.705195543645188
"ylaB",0.999810325034223
"umpH",0.999129578568007
"tig",0.79766032086857
"sbcC",0.999560938981879
"ykgE",0.0124651593721351
"yahG",0.00766728902922153
"polB",0.999498194636885
"kefC",0.00577077151485364
"pdhR",0.798271456087542
"gltL",0.999575564946431
"dnaK",0.00464260923697202
"hfq",0.0267228873128658
"menD",0.00985362752773312
"dnaJ",0.999997990353965
"lpxC",1.38354481428598e-05
"rapA",0.134818198617884
"sgrR",0.868587456367623
"spoT",0.695280029621123
"yfbV-ackA",0.99957607282113
"ydcD",0.0454068340001073
"mokB-trg",0.999992816908011
"rlmL",0.0106002946735915
"ispU",0.00692215579470276
"glpK",0.0198817645954181
"rpoS",0.0832652331159767
"mdtG-lpxL",0.0139809847285871
"mglO",0.0279926033791588
"ybaK",0.0221476063682821
"COG0428",0.0187381104646784
"miaA-hfq",0.998953684520509
"lpxM",0.00616230953841655
"yecC",6.92470129321621e-06
"galS",0.00937763506362512
"argP-yadG",0.0123332595536538
"ycaQ",0.999170640485965
"csgD-csgB",0.902725289471793
"xapA",0.00942765501267259
"yciW",1.04251578489767e-05
"araA",0.00991038751819513
"groL",0.0403795547859955
"plsX",0.999838270042685
"fucO",0.695435118496203
"yoaA",0.00539747037122575
"hflK",0.277111664146462
"aroA-ycaL",0.999163562939973
"pgaB",0.0652062868471901
"uvrB",0.00951315372598729
"nuoF",0.0111464114631364
"gatZ",0.10613916699249
"srlR",0.831041104014388
"arcA",0.948539095747775
"yffN",0.588802039705673
"gatC",0.917787585613294
"ydaV",0.0034619153341312
"garK",0.0139366353678905
"rpoB",0.15674607359766
"sthA",0.00345611878427449
"manY",0.0227422421175375
"kefC-folA",0.0170981785383896
"polA",0.0109815593858469
"pyrE-rph",0.147722604662865
"kdpD",0.99987498890996
"flu",0.116254178241818
"adiY",0.999994252364336
"cbpA",0.941330608225642
"lpxC-secM",0.744544531626163
"pykF",0.751122033248515
"rne",0.971809883017145
"ahpC",0.99995934588408
"clpX-lon",0.838783253341487
"rph",0.518969327374248
"acrB",0.915339238349699
"pgaA",0.0232811852360172
"yaaJ",1.3596834875426e-05
"cyoA",0.826419894780619
"dcp",0.99831836385543
"atpD",0.999997920260777
"eutB",0.888535741614587
"argS",0.0454884727494636
"arnC",0.888522503385428
"nhaR",0.0742156267009846
"ppsA",0.0211354519191503
"crp",0.0797763168723905
"relA",0.0419678312813627
"nusA",0.903259278345895
"rho",0.280289173317463
"cvrA",0.999493896676309
"argR",0.999662446352521
"entD",0.0116510938339605
"glpR",0.999487337808122
"mliC",0.887735606263782
"ECB_02832",0.894362185072321
"ycdT",0.0321573241747138
"dacA",0.999366295807981
"yddB",0.0528889231452793
"yneE",0.998406246046874
"fabF",0.0164783491661153
"proQ",0.0662779949202743
"acnB",1.85097124262658e-05
"ybjG-mdfA",0.744047869535958
"yeeP-isrC",0.798236636747663
"ydeE",0.99916955342318
"rob",0.720606245992042
"xdhB",0.925845211691023
"mlaD",0.999735601744355
"rbsK",0.999781636657409
"parC",0.998422679596566
"hydN",0.999169664342141
"ccmH",0.999485966301238
"sstT",0.998329337981633
"cpxR",0.00696093096587306
"ypjC",0.999169982242464
"yegQ",0.999176463758496
"tufB",0.590990938586161
"gtrS",0.97350055681625
"pgsA",0.999216447458148
"zupT-ribB",0.998329225870944
"phoQ",0.0232173533384678
"ynfL",0.0104161090326547
"nagC",0.895604759571777
"yedW-yedX",0.930885675369925
"rbsA",0.683788249649692
"ldrC",0.974227420268805
"ecpR-ykgL",0.615211861287101
"satP-yaaW",0.0155896079176982
"ECB_01992",0.998907384162718
"opgG",0.0165492421167377
"mreC",0.901126921349823
"sbmA",0.970465216516459
"ECB_00825",0.798271456087542
"tesB-ybaY",0.688684162169787
"cpsG",0.999389139829595
"aroP-pdhR",0.99999879063484
"rssB",0.0124641055747528
"ybhI",0.705195543645188
"rluB",2.31163942428598e-05
"dnaX",0.0165492421167377
"ylbH",0.0136335639984572
"sucB",0.798271456087542
"rpsA",0.999900558519973
"ybhJ",0.798271456087542
"yccE",0.00577077151485364
"gabD",0.999851832146276
"acpH",0.759205702760159
"rbs",0.887559822849846
"ynjD",0.0197457459717266
"yceA",0.00347668082472421
"ycfH-ptsG",0.998981916829483
"rna",0.759179000163924
"yejM",0.978759862345131
"slyD",0.998319314831129
"fnr-insH",0.0188005865622406
"mfd",0.0310094929671762
"hns",0.0395278776321102
"metL",0.278190700561733
"secA",0.0057341983612313
"hybB",0.871437447883677
"mdh",0.999448712500288
"hrpA",0.0475686974714874
"prpR",0.998331556620369
"aroP",0.983071077355716
"rsfS",0.796791934676217
"clsC",0.739043224643175
"ynjI",0.0823911823905979
"dcuB-dcuR",0.0186209608432512
"focA-ycaO",0.0157670665246539
"ydaG",0.0186209608432512
"gatY-fbaB",0.912822020613067
"pntB",0.00691060571444222
"fruK",0.0185747780983203
"isrC",0.85362075150755
"mdfA",0.0114336876904636
"hiuH",0.00348302668773973
"yfgF",0.0335116941972167
"hns-tdk",0.937631004270796
"yfbM",0.00338555445723081
"mlc",0.991271983636739
"ftsX",0.999976560229461
"msbA",0.999999999988265
"mhpB",0.999997992099497
"wzzE",0.130739620968841
"ogrK",0.998496920296993
"nudE-yrfF",0.050024894513368
"wzc",0.591294414647986
"acrS",0.00348003329981229
"ydgI",0.0156227648510632
"insK-glyS",0.999170061234841
"yaiT",0.0616719721060284
"arcB",0.323426150501457
"ispF",0.999170314332744
"fliC",0.999820645094796
"hemA",0.999999995149421
"yciB",0.00557523640653383
"thiQ",6.92536895258674e-06
"cyaA",0.0190279436349695
"waaA",0.772731423881155
"pdxB",0.01848599417375
"acpP",0.589377790355518
"feoA",0.721189219540654
"flhD",0.79706708565246
"lldR",0.590223635709583
"nadR",0.39326911672999
"gpt",0.704909714861101
"ilvB",0.0028607645893708
"purF",6.93070574583735e-06
"pitA",0.00618406966888869
"yifN-ppiC",0.999173687006724
"alaS",0.998329570860808
"ycjF",0.99788092885191
"ycbZ",0.0874409830449403
"yjjK",0.999999751323212
"dcd",0.998421420461207
"yfiE",0.888535741614587
"rplF",0.999546627163001
"rpoD",0.898465776919035
"rimK-ybjN",0.998329447529816
"nfsB",0.0548711165705068
"ybhF",0.998329337981633
"emrB",0.999708976749747
"ybbA",0.999216447458148
"tsf",0.888522503385428
"yjjM",0.0140958199699772
"insL-lon",0.887582723108811
"quuD",0.969211244957715
"insL-2-lon",0.796997496660342
"setA",0.759205702760159
"insB-1",0.795872654791355
"ECB_01996",0.998907384162718
"pflA-pflB",0.999498228742255
"ybiW",0.705195543645188
"ynjA",0.798271456087542
"ogrK-ECB_02013",0.798271456087542
"entF",0.0311587227644691
"thrS",0.798271456087542
"ECB_01513-ECB_01523",0.999498194636885
"gspF",0.798271456087542
"hokE",0.009654012334331
"pta",0.0146038852079362
"dosC",0.99999879063484
"gmr-rnb",0.798271456087542
"ECB_00736-ECB_00737",0.999579562673654
"nth-ydgR",0.999580067543677
"puuP",0.998994567139967
"hyfG",5.01453835546059e-05
"ydcU",0.798271456087542
"rlmH",0.798271456087542
"ybjE",0.688684162169787
"rfbA",0.995526945526871
"ECB_01413",0.798271456087542
"opgH",0.822732181919551
"ydiJ",0.0187878510228948
"murD",0.796986494262963
"valS",0.998681398073373
"bamA",0.998993904289013
"cusA",0.0230578870991233
"proA",0.00348051350313714
"paoC",0.00436701511286761
"wecF",0.906454271898773
"ptsG",0.999163562939973
"ytfT",0.999520471322655
"serB",0.998981916829483
"dapF",0.587684714649561
"sapB",3.7644014927409e-05
"malT",0.994970462684128
"fhlA",0.999164623695293
"frvB",0.998319314831129
"yfgO",0.999998804591877
"rrlD",0.014845647525485
"atoS",0.860787121441836
"pntA",0.00863063805337306
"mngB-cydA",0.798019478786833
"htrE",0.00984585831162296
"corA",0.04128157599089
"ygeW",0.0334443775375774
"prpE-codB",0.0136373402768872
"gcd",0.0325000516295149
"ygiC",0.0308503838529075
"ycaL",0.00408901947524133
"treA",0.912592680746909
"mepS",0.90683807103764
"ygaH-mprA",0.941330608225642
"yiaW",0.744278493826637
"yhdJ",0.0165480558640442
"clcB",0.629205224939331
"pepT",0.00927238247195815
"yaiV",0.948106197706683
"eptB",0.0105386453988828
"iscR",0.99831836385543
"sfmD",0.0269119658663799
"hybF",0.888535741614587
"leuS",0.999216553317893
"mdtO",0.776261802148368
"gntK",0.00822522459918389
"ykfH",0.00827025915987533
"bglJ",0.0096670595528729
"nadB",0.951827443707588
"ilvG_1",0.628785871806188
"ydjO",0.56096397454282
"infC",0.589377790355518
"fepA-fes",0.590287207123085
"mreB",0.0709270146616646
"metA-aceB",0.999998232778228
"pyrB",0.0149675665065261
"rhlB",0.177390525563607
"narG",0.999764561638393
"yaeH",0.888535741614587
"yffS",0.854623406587196
"yabP",0.0198610125795235
"parE",0.00555053720476669
"kbaY",0.999212867113891
"ygbE",0.999169609846203
"carB",0.998329337981633
"yghA",0.0677988851189126
"yegI",0.999997905774926
"yghJ",0.999997859072498
"fadE",0.724921009477454
"leuA",0.99998632013812
"tilS-rof",0.0155896079176982
"gltI",0.999998151296222
"elfC",0.999741260329792
"glgP",0.816247330460774
"yehU",4.5109564644536e-05
"pitB",2.58482415958269e-05
"kpsD",0.999665752163957
"yeeN-asnW",0.798271456087542
"aspC-ompF",0.999646940512514
"pck",6.03848944216095e-05
"ECB_02798",0.999215219222994
"wbbD",0.999221181591365
"ECB_02821",0.999067951154529
"flhA",0.798271456087542
"manZ",0.766919187417998
"dtpA",0.83565225311305
"ydbD",2.09968057011078e-05
"glrK",0.994372952876572
"rfbB",0.999221181591365
"yigE-corA",0.835726245194207
"acrD-yffB",0.798271456087542
"dnaG-rpoD",0.998992193957223
"infB",0.99971633781012
"ydeJ",0.00577096322390886
"ECB_02003",0.999227467843834
"yeeJ",7.66714149314549e-05
"ppk",0.721426597759452
"ansP-yncG",0.798271456087542
"glsB",0.999498194636885
"chiP",6.92470129321621e-06
"ybbP",0.0419259456413996
"aroL",0.998327335553459
"ftsK",0.0167535028335924
"eutA",0.00939049658997065
"ihfA",0.0118839526560659
"fepE",3.46432874464467e-05
"ravA",0.0240109828360235
"iscU",0.999999885565665
"oxyR",0.999999476409438
"fabR",0.887625637917051
"ygbM",0.903574774019557
"ynaI",0.00614799840901012
"rep",0.00635626424577555
"typA",0.00984384272413572
"ydeK",0.00565608760411138
"yfjL-yfjM",0.949494655535345
"ygaZ",0.854327931370243
"yeeL_2",0.00345368743887367
"waaU",0.0136373402768872
"psaA",0.0203996614196624
"iap",0.732266431913091
"putA",0.106006111989855
"rpsJ",0.999809230269565
"mppA",0.99955752748865
"rlmE",0.999998184829379
"yejM-proL",0.999995957187847
"aldA",0.0137334091708801
"mlaE",0.744157834741044
"barA",0.0198277481328933
"atpB",0.589239881663927
"nmpC",0.0730429308575922
"roxA",0.630718873516744
"ampH",0.920076071171937
"narZ",0.00463444941215425
"yjjA",0.59019969478489
"wecD",6.94003151077036e-06
"kgtP",0.892184436281243
"purE-lpxH",0.0742156267009846
"mlaF",0.542811005198704
"deaD",0.0245247872084692
"dacB",0.998329337981633
"arpB",0.998329447529816
"rpsF",0.998329447529816
"phoP",0.591007185883807
"yhhH",0.00594538095197751
"glmU-atpC",0.961499664505703
"dusB-fis",0.951807386270613
"caiA",3.11978303435048e-05
"fadL",0.891811563760284
"phoH",0.022029415961321
"glnD",0.924670813560783
"rseP",0.795872654791355
"sgrR-setA",4.68658837685655e-05
"ddlB",4.68658837685655e-05
"cmoB",0.798271456087542
"tldD",5.01453835546059e-05
"ECB_02008",0.998907384162718
"ebgA",0.999498194636885
"mntH-nupC",0.999430541925155
"efeO",0.99955713954127
"glyU",4.33356421860825e-05
"argE",0.999498194636885
"manX",0.0149600375011927
"sdaC",0.798271456087542
"glpT",0.00577077151485364
"truB",0.705195543645188
"pbpG",0.831972838216872
"glpG",0.999205890878425
"glpF",0.807841323766162
"rpoH",0.0163637491484766
"znuA",0.778911963919536
"ECB_02804",0.998710630378586
"dinG",0.999413052594435
"atoC",2.58482415958269e-05
"yejA",0.0714594007001516
"iclR",0.999559932667905
"crr",0.589562708769775
"dhaM",0.0104723319599068
"recO",1.88459569458439e-05
"yeaH",3.36152553928612e-05
"cobB",0.998405570123219
"ybdN",0.541331999956684
"lsrD",6.92536895258674e-06
"nth-tppB",0.00699371342469219
"rhtA",0.767784280376988
"pgm",0.00286437713700177
"glnE",0.00650664587435369
"mioC",0.00348799497271206
"uhpA",0.983069369693646
"uvrA",0.0117514758143939
"uidA-uidR",0.887575937738532
"menC",0.860354694409414
"insB",0.887582723108811
"yobD",0.58959384459429
"clpA",0.0200815073902076
"wecB",0.00555942149306727
"adhP",0.00345631842739054
"wcaA",0.741577449812359
"yeaR",0.0163417530047954
"pgl",0.559362492258891
"ydfI",0.0113222027018926
"yjhV-fecE",0.0335116941972167
"mutT",2.72333696641682e-05
"yhhZ",0.986066001340306
"ubiE",0.999995957187847
"ydhZ-pykF",0.813663736993351
"yhjK",0.0113251448252625
"abgB",0.624290988510246
"rstA",0.00348026372651435
"essD",0.0730429308575922
"cra-mraZ",0.0107175349669834
"mtlA",0.0100340665819527
"nuoL",0.0262975478771848
"ribD",0.78714488463044
"bglF",4.45259795905516e-05
"ydcI",0.589377790355518
"galE",0.0742156267009846
"idnO",0.590223635709583
"alr",0.704909714861101
"aroK",0.999414209374351
"pnp",0.0262867078024248
"ahpF",0.00952837836140422
"marA",0.997042745795862
"yrhC",0.00349938600212883
"kup",0.0726838353779229
"rpsM",0.932480089422783
"asnB",0.887702607126363
"yagU",0.795872654791355
"djlA",3.11978303435048e-05
"nupC-yfeA",0.999501683613319
"fadH",0.999491624242184
"wzyE",2.31163942428598e-05
"tktB",0.999999397972185
"yifB-ilvL",0.998896481302963
"glmS",0.999998431203585
"ppiA",0.00643013235367333
"wbbC",0.999221181591365
"yqeA",0.9993659762764
"yfcI",0.99941425181735
"uspA",0.00746897155662602
"dnaA",0.999998431203585
"ECB_02002",0.998907384162718
"yedW",0.798271456087542
"lysP",0.705195543645188
"yfeY",0.998992193957223
"ygcN",0.705195543645188
"tap",0.798271456087542
"wcaI",0.705195543645188
"aphA",3.76183595214572e-05
"frmR-yaiO",0.246112240515816
"mreD",0.966375303035037
"prc",0.0223549910555458
"endA",0.999498194636885
"murA",0.9993659762764
"trkG",0.011613969065865
"mdtJ",0.00347316361167578
"ybeF",0.293375154969756
"ygeH",1.88459569458439e-05
"modE",6.92470129321621e-06
"fliF",2.82518707867322e-05
"yehA",1.88459569458439e-05
"manA",1.36784089319474e-05
"lhr",0.0173498385927327
"rhsC",3.23463068216129e-05
"cadA",1.38546892374593e-05
"stfP",0.0155939040655916
"ftsE",0.999976404084995
"kup-insJ-5",0.95009934311696
"rbsD",0.988057763314425
"rtcA",0.777303641000035
"mntP",0.00577428551658996
"wecA",0.718183129699644
"glgB",0.00460663215811451
"yqeG",0.0116573080041086
"yjiV",0.0127002266691382
"mgtA",0.00773786329554345
"flgK",0.00838424482404073
"acs-nrfA",0.999997858959756
"nagA",0.999163655872311
"panB",0.999163655872311
"yeaG",0.744157834741044
"rstB",0.591120563520612
"thiP",1.02633747074591e-05
"yaiW",0.0616719721060284
"oppF",0.888535741614587
"nuoI",0.888522503385428
"yjbM",0.00566496679473353
"amiD",0.99999532676497
"mipA",0.542811005198704
"fepA",0.00553545886820745
"yhhI",0.0187060639362022
"nirC",0.875565718238826
"narI-ychS",0.875580622277109
"ybjN-potF",0.796997496660342
"tamB",0.155345876941392
"greA-dacB",3.39743051359177e-05
"glgC",6.03848944216095e-05
"ECB_01999",0.999227467843834
"gor",0.00747009672606749
"rrlB",0.999498141947156
"metH",0.0767302003672255
"amn-yeeN",0.705195543645188
"proL",0.822747005777747
"rsmI",0.798271456087542
"loiP",2.79917643283769e-05
"speB",0.0101950628018248
"ygfK",0.680330757884363
"dctA-yhjK",0.635999242170357
"gltB",0.99982148785403
"nuoM",0.798271456087542
"uraA",3.76145887772188e-05
"glgA",4.76861708175967e-05
"gspG",0.9993659762764
"uspB-uspA",0.717876483093417
"ECB_02512",0.778911963919536
"yhiM-yhiN",0.798271456087542
"fhuA",0.00348073201954738
"rimO",6.93934381630118e-06
"emrD",0.0053217320696327
"ydgJ",1.88459569458439e-05
"bcsZ",0.0273767585685735
"glnS-ybfM",0.541331999956684
"ycbV",6.92470129321621e-06
"guaB",6.9251375609267e-06
"yeaN",0.714404439779246
"cydB",0.542943139542164
"rpsB",0.854797470738437
"hscA",0.999999885565665
"fxsA",0.777303641000035
"rlmA",0.694068733588103
"abrB",0.560569806819525
"potC",1.68449325912325e-05
"ibpB-yidE",0.994569933254796
"yjiK",0.999957441281706
"yeiH",0.999999435405937
"ybiO",0.941330608225642
"ynfM",0.00348026372651435
"rzpD",0.0730429308575922
"murC",6.93890665363554e-06
"gltX",0.0164319601079603
"fhuB",6.94003151077036e-06
"osmF",0.00461735401856376
"pncB",0.98380879266129
"sspA",0.0444806712523573
"lepA",1.03398812098171e-05
"fadJ",2.96898732493321e-05
"narU",0.00808863399489244
"fes",0.00347780944101599
"yhhJ",0.00350463003763082
"hslU",0.999674565512577
"ldrC-chaA",0.961698636341593
"ybjD",0.00945122169549973
"araE",0.998781397159446
"purL-yfhD",0.998781397159446
"ygdH-sdaC",0.999999999994186
"hycE",0.999366019869228
"uspB",0.00746897155662602
"rplU-ispB",0.9993659762764
"malQ",0.2422391588266
"rtn",0.798271456087542
"yjaH",0.993156763838225
"hypE",0.999685028358474
"yicC",0.0101947217009942
"ECB_02800",0.999498194636885
"yiaG",0.0124538403839516
"atpF",0.998994567139967
"ftsP",0.999498194636885
"lhgO",4.45896207514498e-05
"ydjE",3.12589042139589e-05
"lpxK",1.88459569458439e-05
"ybjL",2.51639095857027e-05
"yodB-serU",1.88459569458439e-05
"yhhW",4.43343360579908e-05
"cdaR",0.00347326734278565
"nuoG",2.47099251426135e-05
"rbsC",0.980615114577209
"cspC",0.867593984490145
"asnS",0.0045742973307851
"dapB-caX",0.0113222027018926
"cysK-ptsH",0.0113222027018926
"hrpB",0.00754341487420972
"treB",0.999880392571557
"yeaP",0.744157834741044
"ylbE_1",0.00827025915987533
"aroH",1.85922301662029e-05
"speC",0.888522503385428
"rbbA",0.00543919213036789
"rbsB",0.988057763314425
"insL-2",0.835546322569396
"yjaG-hupA",0.999498194636885
"treF",0.000120469507123019
"nrdF",0.999999607792193
"atpC",0.705195543645188
"mdtN",0.999498194636885
"dapA-gcvR",0.999498194636885
"ubiB",0.778911963919536
"rsmD",0.688684162169787
"cusC",0.0451710194655408
"orn",2.31163942428598e-05
"kch",0.0034808479182416
"yjiN",0.759389958453179
"melA",0.583467577820287
"selA",0.0286589251376992
"asmA",2.82518707867322e-05
"fruA",1.88459569458439e-05
"insH",0.998554760281093
"yraK",0.541331999956684
"glf",0.542120402730691
"cfa",0.00822973399027118
"lrp",0.999999306067571
"yobF",0.00738874113213717
"oppA",0.999995957278486
"gstA",1.68449325912325e-05
"perR",0.999808539425042
"yfeA",0.744157834741044
"ydeM",0.743519479832268
"borD",0.0465064460173872
"ggt",0.875434264955029
"zntA",0.104346340790185
"ybcM",6.93957568263572e-06
"yqaB",0.00467802952746995
"nuoE",0.776238316798523
"yhiI",0.0560522477649086
"murF",0.00419913946779332
"arfB",0.999997990142846
"epmA",0.999498194636885
"glpE",0.0321893181317818
"yjeH-groS",0.999999999994186
"uvrD",0.0124651593721351
"yjhC",0.798271456087542
"argD-argC",0.999999996631542
"yjcF",0.999999996631542
"lpoA",0.0136447264299149
"glgX",5.81481810260484e-05
"ybhN",0.988759864073141
"mdtM",0.996796704873624
"arnT",6.93957568263572e-06
"lptG",0.999235028793748
"udp",6.92582384755447e-06
"yneF",1.88459569458439e-05
"fabD",0.769882350558266
"yicH",0.583756329637533
"wecH",0.00347048714535314
"yhbW",0.714294483453759
"fepB",0.998319314831129
"pstC",0.585072098772776
"yebO",0.00614799840901012
"ycjM",0.999998943517414
"yiaN",0.00919240108550446
"evgA",0.742627316379488
"katE",2.72318487080149e-05
"ydgD",0.00348026372651435
"ybcV",0.702810211470575
"ybhG",0.888535741614587
"gabP",1.38561226157063e-05
"sfmH",0.00977620046280656
"ycdY",0.99999532676497
"hofN",0.542811005198704
"yihQ",0.999489663395055
"ycfQ",0.999997999272403
"rbsR",0.56926309749673
"hsdM",0.925347135299197
"dtpA-gst",0.999643921430718
"cusS",0.0423171362971075
"yafE",0.999990340377336
"nrfG-gltP",0.999842553734607
"lptB",0.791274376244084
"dppD",0.0124538403839516
"ECB_04076",0.798271456087542
"mscM",3.76145887772188e-05
"ECB_00624",0.998781397159446
"adhE",0.034824912702491
"yjiPQ",0.996796704873624
"uxuB",0.987308718778487
"idnR",6.92470129321621e-06
"fadD",0.582969440789298
"gltT",0.998319491077008
"yeeE",0.998330345218325
"yhiD",0.999976404084995
"mgrB",0.58959384459429
"maeA",0.753698132863836
"osmE",2.72318487080149e-05
"rrsG-clpB",0.744544531626163
"yaiY",0.86636339112897
"ybcW",0.052677649298192
"ygbN",0.997872866879114
"csgC-ymdA",0.0742156267009846
"hypF",0.999019034053091
"ptrA",0.00825535592159028
"cyoC",0.888522503385428
"yhiL",0.00461752625079524
"hsrA",0.162662654825589
"ebgR",0.875580622277109
"rnd",0.0117647642566105
"gltA",0.999986035709062
"ECB_00512",0.886594021082955
"tomB",0.00378760917018887
"metA",2.31163942428598e-05
"rpsC",0.798271456087542
"hsdR",0.993156763838225
"rhsA",0.0388722726949578
"aspA",0.0101947217009942
"ftsH",0.993156763838225
"bcsB",0.00967166717771573
"recE",0.998251128535557
"mukB",0.00743146135308676
"yecN",0.582969440789298
"wcaN",0.998573792845129
"rhsD",1.03361539196965e-05
"exuR",0.998319491077008
"sppA",0.0258260254744822
"hcr",0.00347326734278565
"nlpI-pnp",0.542943139542164
"yobH",0.74309919813917
"tqsA",0.0218551737568152
"yedE",1.3598093405877e-05
"fadL-yfdF",0.0178282604754845
"yaiZ",0.86636339112897
"mutS",0.0117713686363069
"grxB",0.0742156267009846
"bglX",0.0061729290741638
"plaP",0.776268416558139
"yhiM",0.0119915701642585
"nmpC-ECB_00513",0.930885675369925
"sdaA",0.00464304614032205
"infA",0.759205702760159
"thrS-arpB",0.92291691535186
"dsbG",0.777514364862791
"actP",3.76145887772188e-05
"yjcC",0.00577096322390886
"IS1_insB-ESCRE4497",0.999498194636885
"ECB_04210",0.999498194636885
"mak",0.0647932725018648
"ldtD",0.739278008669018
"allD",0.58902138189829
"mcrC",0.996796704873624
"malI-malX",0.998319314831129
"glnB",1.88459569458439e-05
"narH",1.88459569458439e-05
"gadA",0.0106450987442275
"asnU",1.88459569458439e-05
"glxR",2.82518707867322e-05
"pflB",0.0211949071201097
"kdgR",0.58959384459429
"speF",0.00460663215811451
"rcsC",2.72343120022416e-05
"ddlA",0.0157515277572136
"nohD",0.026762796238099
"lolC",0.00712120190847923
"lolE",0.0742156267009846
"yhiN",0.00349938600212883
"citC-gatZ",0.930885675369925
"rrlA",0.105926587781002
"narP-ccmH",0.887702607126363
"pheS-pheM",0.929355743241798
"gltL-insJ-2",0.795872654791355
"gcl",0.00522883716460373
"nanC",0.778911963919536
"yjgN",0.00577077151485364
"ampG",0.00348051350313714
"prpD",0.999999001786651
"ynfF",0.00467756814206362
"uvrC",0.583467577820287
"yfhG",1.88459569458439e-05
"hycB",0.998319605158676
"nikD",0.734398289387101
"pepN",0.999170640485965
"yiaK",0.590933574425821
"msrB",0.0109815593858469
"ygcU",0.00341260899632301
"proP",0.848265806381272
"mltB",0.887318571629463
"yqiK",0.005826392838016
"nudL",0.744157834741044
"iraP",0.0790635290546662
"dnaE",0.999171849385281
"ymfD",2.18130041047628e-05
"treA-dhaM",0.0742156267009846
"ccmB",0.00620089608083679
"ECB_02200-nuoN",0.961698636341593
"ECB_02013",0.929355743241798
"ykgF",3.11978303435048e-05
"cysQ",0.798774452605657
"cynX",0.999997142898045
"mscK",0.999997142898045
"ydbH",0.0742156267009846
"yniA",0.584941278099652
"yeaI",1.04261434984634e-05
"csgG",4.68658837685655e-05
"nagE",0.869672253848305
"accC-acpP",0.583467577820287
"yrfF",0.040727038927338
"yjaB",6.92582384755447e-06
"phnC",0.998014347604786
"yjhP",0.702565273550342
"gatY",0.998814793640051
"ygcE-ygcF",1.68449325912325e-05
"cysI",0.999588860646803
"araG",0.593336860795657
"astB",0.744157834741044
"phoA",0.0157515277572136
"ldcC",6.93890665363554e-06
"php",1.04268362582498e-05
"gadC",0.0306495394948543
"yadG",0.00283931457261947
"rihB",0.999999004663725
"yedV",0.00925960967526601
"tolR",0.0122679557707713
"tauD-hemB",4.68658837685655e-05
"ybiV",0.798271456087542
"lacI",0.58902138189829
"yeaJ",6.93957568263572e-06
"aspS",0.00440069302404613
"kdpB",6.93934381630118e-06
"fnr",1.38556542567748e-05
"dppF",0.00347758180784199
"ycjT",0.541331999956684
"purP",0.582969440789298
"dtpC",0.00616836045135864
"cusR",0.0529364879812784
"dauA",0.998319314831129
"tsgA",0.542943139542164
"fre",0.775955262199994
"ygeY",1.68449325912325e-05
"ydgH",0.629182730907158
"pepD",0.00286058488208771
"psiF",0.999217167766414
"malP",1.042579107706e-05
"narX",1.04261434984634e-05
"chbF",3.12813910401788e-05
"mutL",0.0591078181013794
"ytjB-serB",0.969211244957715
"insJ-3-cysH",0.903680820903342
"lysQ",0.795872654791355
"ybgQ",6.25785456873504e-05
"insQ",0.00347361035308217
"yeaM",0.542943139542164
"dgoT",0.022147582945922
"ydcF",0.583467577820287
"cutA",1.88459569458439e-05
"rplJ",1.88459569458439e-05
"rpoN",0.541331999956684
"ycgB-dadA",0.541836515539862
"yhfZ",0.542943139542164
"cynR",0.744157834741044
"yaiC",0.929343183879089
"ycgG",1.04268362582498e-05
"nrdG",0.997889656225894
"dtpB",0.00349938600212883
"manB-cpsG",0.930885675369925
"tdcR-yhaB",0.854160617597325
"ynaK-ECB_01341",0.759205702760159
"ybiX-ybiL",0.795872654791355
"ruvB",0.796986494262963
"torZ",3.11978303435048e-05
"ynbC",6.88596334878366e-06
"yjiJ",0.0689630869925026
"gspE",0.541331999956684
"ynbD",1.8497157445953e-05
"ybgL",0.68018455818416
"bcsG",0.0074290444806295
"yehQ",0.999999505699264
"appY",0.019918918523155
"proC",0.851294010191406
"ddpD",0.112379497063615
"rsmJ",0.00349938600212883
"rpsG",0.911988285112416
"ompN-ydbK",0.759205702760159
"ddpF",0.00286419720343779
"fdhD",6.93934381630118e-06
"wcaC",0.542302387450735
"cbeA",0.0290066448541006
"chiA",0.0107597719785021
"malS",0.999170494241178
"gltF",0.999588860646803
"dinQ-arsR",0.744752616469073
"preT",0.854152146395591
"yaeF",0.999795740489676
"ompT",0.0157275552265961
"ybgJ",6.94003151077036e-06
"uxaB",0.0742156267009846
"prlC",0.0218479645026572
"nfuA-gntT",0.958930969598812
"rplS",0.929355743241798
"pqiB",0.0165492421167377
"ulaG",5.01453835546059e-05
"maa",0.796986494262963
"ybbD",0.854152146395591
"sapA",0.0449708777661441
"cho",1.8495303314504e-05
"ansA",0.998319314831129
"yiaY",0.630859058974017
"yphG",4.05257993879098e-05
"rnr",0.0309748681844347
"ygeA",0.999169965773772
"dnaQ",0.0165629141973923
"ycjS",0.0109819265210498
"ydaM",0.745406444169826
"cpdB",1.85911009448281e-05
"oxc",0.998325860649064
"rlmJ",0.00373938603047144
"pflC",0.843200775054665
"ECB_02816",0.949775465096178
"yeeP-flu",0.929355743241798
"insL-5",0.948826473036269
"yfiR",0.875569092379725
"rimJ",6.25785456873504e-05
"IS3_insE-serX",0.999498194636885
"rzpQ",0.925362769317012
"yehY",0.999995932291096
"fumC",6.92470129321621e-06
"yheS",1.8495303314504e-05
"tsaB",0.998319314831129
"yhbJ",0.998330166836221
"glyQ",0.00392566522096918
"envY",0.0157275552265961
"ydjI",0.99999532676497
"kup-insJ",0.903680820903342
"rpsD",0.777526266371234
"hdfR-yifE",0.961698636341593
"ydhV",0.759205702760159
"ylaC",4.68658837685655e-05
"rof",0.00283931457261947
"ybaP",0.796986494262963
"sfmF",0.759179000163924
"yjiK-yjiL",1.88459569458439e-05
"mdtF",0.000147157372595491
"yhfW",0.541331999956684
"yifE",0.998990908618425
"cheR",0.999997995799414
"sgbU",0.00340735044357931
"yffP-yffQ",0.744993130903444
"yejG-bcr",0.00754341487420972
"ybcH",0.0157275552265961
"yajO",6.93934381630118e-06
"ydeU",1.38556542567748e-05
"cheA",0.79340271378551
"yhbE-rpmA",0.929355743241798
"ybaM-priC",4.68658837685655e-05
"yceF",0.798774452605657
"sufS",0.00472344528328907
"flgG",0.796986494262963
"ydiR",0.796986494262963
"ugpA",8.55813297469179e-05
"atoA",0.997024370470425
"cysD",0.999999004663725
"tnaA",0.999169965773772
"yiaU",0.00419913946779332
"ravA-kup",0.999163655872311
"gltP-yjcO",0.999795740489676
"nfrA",0.0338400309519288
"yajR",0.00284207553604264
"ftnB-yecJ",0.0742156267009846
"feoB",0.617880375202854
"patA",0.92291691535186
"aroD",6.93890665363554e-06
"ytfR",3.11978303435048e-05
"phoU",0.583467577820287
"tus",0.542943139542164
"ilvC",0.999996201142465
"adiC",0.660125675388939
"nfrB",0.0157275552265961
"stfR",0.00284217022990369
"ydeT",0.00827025915987533
"yqjK",0.92291691535186
"ybdR",0.777514364862791
"mnmC",0.999997995799414
"ygjR-psrN",1.88459569458439e-05
"acrE",6.9251375609267e-06
"amiA",0.998319314831129
"yjbH",0.998330345218325
"yihG-polA",1.68449325912325e-05
"feaB",1.56125278836288e-05
"smtA",0.00348107576445961
"arsR",0.00359417841564031
"cycA",0.886586498134229
"yghB",0.815376610498497
"ydjG",1.85928586313512e-05
"cdd",2.47588352604908e-05
"fdoG",6.9251375609267e-06
"nac",0.999997995799414
"yihM",1.68449325912325e-05
"rlmB-yjfI",0.999588860646803
"recN",0.99977378387592
"cynT",6.93890665363554e-06
"cbrA",0.00467787395440386
"dld",0.0102625333357255
"arsB",0.021108034576792
"cca-uppP",0.797008246422432
"ECB_02001",0.929355743241798
"fadK",9.41325188658472e-05
"borD-ECB_00510",4.68658837685655e-05
"ylbF",3.11978303435048e-05
"yebT",6.93890665363554e-06
"malS-avtA",0.998319491077008
"glmU",0.585072098772776
"nlpD",0.0433102468180983
"ygfM",1.38556542567748e-05
"pheS",6.94003151077036e-06
"ssuB",1.84294067802177e-05
"arsC",0.00359417841564031
"ykgA",0.00283931457261947
"nudE",0.0188461229159327
"intD",6.93890665363554e-06
"metK-galP",1.13020377230085e-05
"ydcK",4.68658837685655e-05
"tar",0.715469718767985
"acnA",0.999560498093839
"nrfD",1.68449325912325e-05
"yjhI",0.999588860646803
"cusF",0.0157275552265961
"ypfJ",0.0742156267009846
"yhiS",0.00349938600212883
"yahJ",3.11978303435048e-05
"yciQ",2.31163942428598e-05
"fepD",0.796986494262963
"xapB",1.13020377230085e-05
"yhfX",6.94003151077036e-06
"wecC",0.0350190002585045
"creD",0.743513107985546
"cusB",0.0157275552265961
"yebK",6.94003151077036e-06
"IS1",0.875580622277109
"waaT",0.929355743241798
"mepA",0.0155896079176982
"yehM",1.74301930360371e-05
"entE",6.25785456873504e-05
"puuD",0.798271456087542
"rsmE",0.997024370470425
"idi",0.822199101403636
"focA",0.999163655872311
"gcvR",0.744157834741044
"cstA",1.3923144846747e-05
"intA",0.0742156267009846
"ydiY",0.996056724735908
"puuR",3.11978303435048e-05
"hyfB",0.99899263143437
"uacT",6.25785456873504e-05
"rcsB",0.00286419720343779
"yehB",0.999171849385281
"ybhR",1.68449325912325e-05
"pheP",0.0180139665218558
"slp",0.00359417841564031
"mtfA",7.83345543859409e-05
"citT",0.0156096935148268
"bioC",0.747018140564178
"mdtC",0.886586498134229
"ttdT",0.995923670584991
"aslA",0.00286447257178549
"xanQ",0.65886111841616
"cydD",1.3596834875426e-05
"mnmG",0.589557584472842
"hypD",0.854160617597325
"ybdG",0.0701906010541842
"pagP",6.93934381630118e-06
"nrdA",1.04268362582498e-05
"ygaM",0.99999532676497
"fhuE",0.00472344528328907
"dctR",0.00349938600212883
"yahK",0.00801933229082571
"sfmA",0.967269571062339
"purL",0.856024662252056
"ydcR",0.999498194636885
"ECB_00735",0.796986494262963
"yhhN",7.83345543859409e-05
"yhaM",0.999164566933755
"ycaC",0.743513107985546
"cobC",6.93934381630118e-06
"ddpA",0.00467756814206362
"ydiS",1.04268362582498e-05
"argZ-argY",0.0742156267009846
"trg",0.542811005198704
"pka",0.797008246422432
"yfiH",0.0155896079176982
"ybeD",3.11978303435048e-05
"rimO-bssR",0.704909714861101
"nrdE",0.777526266371234
"ydiU",3.11978303435048e-05
"tdcG",0.998319314831129
"lepB",0.998330345218325
"atoE",0.999751219179497
"ycaN",0.0125805195685194
"ybdF",0.0283723787059213
"dosP",0.00284217022990369
"yjhB",0.00286104728425121
"ascB",0.999997679160786
"hdeB",0.00349938600212883
"ECB_03822",0.929355743241798
"mglB",6.25785456873504e-05
"mcrB",0.0155896079176982
"wcaK",0.0423200015524329
"lptC",3.11978303435048e-05
"ftsA",1.13020377230085e-05
"ybdJ",0.0180139665218558
"pqqL",6.93957568263572e-06
"yphH",0.00348107576445961
"ygbL",0.999997679160786
"amiC",0.0155896079176982
"yejH",0.00460684108682095
"bglH",0.747018140564178
"kefB",0.994604652310766
"yeaE",0.542943139542164
"citC",0.999996201142465
"pgaC",0.0261692926363041
"flgF",0.0184263882460508
"ybdK",0.0180139665218558
"iap-ygbF",0.0742156267009846
"hdeD",0.00349938600212883
"yiaV",0.0210325449257378
"yqeB",0.759179000163924
"metT-asnB",4.68658837685655e-05
"ybdM",3.11978303435048e-05
"narY",0.721426597759452
"gsiA",0.999995932291096
"waaH",0.00347326734278565
"alsA",0.00609053207784855
"potE",0.0028607645893708
"ygcG",0.99999532676497
"xdhA",0.00286295214639323
"hemE",0.0188477955825695
"mntR",0.999995932291096
"rhaA",3.11978303435048e-05
"yohF",1.03322026807542e-05
"yidC",0.998330345218325
"coaE-guaC",1.13020377230085e-05
"yjiS-yjiT",0.0085319901665388
"serV",0.00348131166769353
"queF-ygdH",0.0742156267009846
"gadE",0.00349938600212883
"narQ",6.25785456873504e-05
"fimE",0.994372952876572
"sgcX",4.68658837685655e-05
"dbpA",0.999996201142465
"yjjI",0.999588860646803
"fucK",0.99999532676497
"hofQ",1.85097124262658e-05
"ycaI",0.00286267692378791
"mdtE",0.00746897155662602
"mdh-argR",0.875569092379725
"kduD",4.68658837685655e-05
"yfgI",0.549807411399861
"dtpD-ybgI",4.68658837685655e-05
"citA",0.00455437571769054
"potF",0.854152146395591
"yhdE",3.11978303435048e-05
"nanM",3.11978303435048e-05
"hflD",1.68449325912325e-05
"galR",0.99999532676497
"yebS",0.798271456087542
"ybdH",0.542943139542164
"speC-yqgA",0.0742156267009846
"gadW",0.00349938600212883
"yrdB",0.0154592872979857
"torY",0.999476830483929
"tktA",6.95302157415427e-06
"yqjG",6.93890665363554e-06
"dcuR",0.997876841390134
"gltD",0.585072098772776
"gltT-rrlB",0.999163655872311
"ybdZ",6.93890665363554e-06
"ybfO",1.38535686255756e-05
"ftsN",6.94003151077036e-06
"yqhC",0.0742156267009846
"kdgK",0.00466503258964301
"yegE",0.0168507594894449
"ycaO",0.00348073201954738
"ypjA",1.13020377230085e-05
"ispB",0.00375845742264592
"yjjL",0.995923670584991
"yciI-tonB",1.13020377230085e-05
"gadB",0.00283931457261947
"citF",1.04251578489767e-05
"ybgK",6.93934381630118e-06
"argD",0.0107175349669834
"ldcA",0.00286058488208771
"zupT",0.00789549723584714
"cueO-gcd",1.13020377230085e-05
"nei",0.00284207553604264
"yhbX-leuU",0.0742156267009846
"leuP",0.006199904099887
"mokC",0.92291691535186
"yggW",6.25785456873504e-05
"ybhQ",4.68658837685655e-05
"helD",0.999751219179497
"yhcG",0.99999532676497
"lysU",0.00794337849741001
"yhjA",0.00373965387104959
"ECB_00510",0.93088326357968
"insJ-2",0.920063098682291
"ybiB",6.25785456873504e-05
"hycC",0.00348096789956799
"selB",0.589052630418778
"srlE",0.99833045856439
"lldP",0.0219882628642822
"recE-XcC",1.13020377230085e-05
"yjgR",0.136102757752285
"yjcH",1.38472256397558e-05
"insK-2",0.920063098682291
"ECB_00833",6.25785456873504e-05
"fur-fldA",3.11978303435048e-05
"ydeR",1.13020377230085e-05
"astC",6.88596334878366e-06
"ydfV",0.00284217022990369
"malX",0.903135199984247
"yhjB",0.0119915701642585
"ribC",6.93957568263572e-06
"ECB_01510",0.929355743241798
"yghJ-yghK",6.25785456873504e-05
"ECB_00851-ybjL",4.68658837685655e-05
"ompA-sulA",0.796986494262963
"mutH",0.999997995799414
"ydfJ",0.00375845742264592
"pabB",1.37920821575212e-05
"yjiM",0.989497061935632
"yhjC",0.00374004993774472
"ECB_00513",0.924675720229544
"insE-3",0.929355743241798
"yjeM",0.999976183488847
"yhdN",0.00283931457261947
"ynfM-asr",1.13020377230085e-05
"rsmF",0.00419913946779332
"yhjD",0.00349938600212883
"ECB_00514",0.93088326357968
"insF-3",0.929355743241798
"putP",0.0188461229159327
"yhhX",0.777514364862791
"gspC",3.11978303435048e-05
"glpD",1.38535686255756e-05
"plsB",0.999751219179497
"hchA",0.629769343542599
"yieL",1.38549574352684e-05
"yhjE",0.00349938600212883
"ycdN",0.92291691535186
"ytfQ",0.759205702760159
"yeeR",0.0164360463273383
"ybiR",6.93934381630118e-06
"bcsE",0.0264331534215639
"yhjG",0.020147110207105
"ydcA",0.777526266371234
"gnsB",0.929355743241798
"aroG",4.68658837685655e-05
"pyrD",0.999997999868044
"gmd",1.37920821575212e-05
"yhjH",0.00794171692604239
"hokB",0.777526266371234
"ynfN",0.929355743241798
"efeB",0.0188461229159327
"aroG-gpmA",3.11978303435048e-05
"entS",0.00378760917018887
"accC",0.796986494262963
"qseC",0.999998616210745
"uidA",0.0034808479182416
"yidA",0.0569306661351507
"mokB",0.777526266371234
"ECB_01516",0.929355743241798
"ECB_02818",0.759205702760159
"ycbL",1.39223323496062e-05
"galT",3.11978303435048e-05
"yhjJ",0.00938536924312932
"cspG",0.929355743241798
"pgaD",0.92291691535186
"dctA",0.00349938600212883
"yhhA",0.688684162169787
"cysB",0.796986494262963
"gldA",6.93890665363554e-06
"ybjS",1.02639981088732e-05
"rrrQ",0.925362769317012
"livJ",0.000313131992830625
"iraM-ycgX",0.739278008669018
"wzxE",0.744557001425245
"yebK-pykA",1.13020377230085e-05
"hemX",0.99999532676497
"ydfR",0.902242715126836
"agp",1.39223323496062e-05
"ybeM",0.999997995799414
"xerC",0.0742156267009846
"essQ",0.929355743241798
"lysU-yjdL",0.875569092379725
"rutG",4.68658837685655e-05
"sgcA",3.11978303435048e-05
"yfdE",0.00894876540298039
"ECB_01522",0.950164447334384
"dfp",0.00577077151485364
"yjhR",3.11978303435048e-05
"yegR-yegS",1.02633747074591e-05
"macA",6.8857332737416e-06
"yigG-rarD",0.0742156267009846
"bcsA",0.00373965387104959
"ECB_01523",0.950164447334384
"hscC",0.0116505658325361
"cytR",0.0742156267009846
"bcsQ",0.589052630418778
"yicL",6.25785456873504e-05
"yhfT",0.999993589236437
"yhgF",0.0177193543174136
"macB",1.84275594398837e-05
"frwA",0.99999532676497
"yhjR",0.00347758180784199
"cpsB",0.929355743241798
"ECB_00515",0.875569092379725
"insH-8-narP",1.13020377230085e-05
"pcm",0.00460743515044415
"ynjC",0.00464304614032205
"thiE",0.0742156267009846
"insB-14",0.929355743241798
"ECB_00516",0.875569092379725
"ssuD",3.11978303435048e-05
"ECB_03714",0.999498194636885
"argC",0.00514744141390018
"napB",1.13020377230085e-05
"bcsF",0.00347758180784199
"insA-14",0.929355743241798
"ECB_00517",0.875569092379725
"aceA",1.74301930360371e-05
"typA-yihL",0.999498194636885
"glyV-glyX",0.0742156267009846
"wbbH",0.999040972024099
"ldrD",0.00347758180784199
"yhhL",7.83345543859409e-05
"ycaK",6.93934381630118e-06
"insD-yjgZ",0.0742156267009846
"rmuC",0.00472344528328907
"wzy",0.929355743241798
"ghrA",1.042579107706e-05
"dtpD",0.00283931457261947
"ydjX",0.796986494262963
"kptA",0.0155896079176982
"fecA",0.999997678999213
"yhjV",0.00583313649060728
"wbbB",0.929355743241798
"ycdZ",3.11978303435048e-05
"phnD",4.768780159382e-05
"alaA",1.13020377230085e-05
"gapA",1.04261434984634e-05
"wbbA",0.929355743241798
"puuE",6.25785456873504e-05
"ygdD",0.999751219179497
"bglA",0.0057419736721472
"vioB",0.929355743241798
"insE-4",0.92291691535186
"yfcD-yfcE",1.13020377230085e-05
"dppC",0.00583361154236111
"vioA",0.929355743241798
"insF-4",0.92291691535186
"yecT",0.629769343542599
"alsK",1.37933861294246e-05
"dppB",0.00349405245319694
"wzxB",0.929355743241798
"ECB_01526",0.92291691535186
"ECB_00524",0.875569092379725
"rnk",0.0155896079176982
"dppA",0.00371458999077254
"flhB",0.796986494262963
"cvpA",1.13020377230085e-05
"yggN",0.0057419736721472
"dmlA",6.93957568263572e-06
"rfbC",0.929355743241798
"eptA",6.25785456873504e-05
"leuE",0.796986494262963
"araH",0.796986494262963
"fklB-cycA",0.999987824245406
"frc",0.00375845742264592
"torA",0.00284207553604264
"smf",0.00757085292460775
"ECB_00526",0.875569092379725
"yeeA",0.00348073201954738
"ECB_00527",0.875569092379725
"insL-3",3.11978303435048e-05
"yidX",3.11978303435048e-05
"ycgV-ychF",0.00378760917018887
"pepB",1.13020377230085e-05
"sufB",1.85911009448281e-05
"yhjX",0.00348314401508328
"ECB_00528",0.875569092379725
"sufC",0.796986494262963
"hcaT",0.0107941696238041
"yhjY",0.00347758180784199
"ECB_00529",0.875569092379725
"modA",0.998989480200972
"yecA",0.796986494262963
"yebQ",6.93957568263572e-06
"ymgE",0.00347758180784199
"wcaM",0.16451127590608
"ECB_00530",0.875569092379725
"XiA",1.13020377230085e-05
"garR",6.88596334878366e-06
"purT",1.38547336892185e-05
"yiaC",0.00347758180784199
"ccrB",3.11978303435048e-05
"wcaL",0.929355743241798
"uspG",3.11978303435048e-05
"ydcI-ydcJ",4.68658837685655e-05
"yedD",0.0742156267009846
"ydhB",0.0742156267009846
"flhC",0.999996197999931
"bisC",0.00441891925760705
"yeaY",0.796986494262963
"baeR",0.886586498134229
"yeaV",0.796986494262963
"cysN",0.00514749906422841
"dam",0.00283931457261947
"cheY",6.93957568263572e-06
"yfbK",6.88641565540014e-06
"yfiF",0.999998480339418
"cutC",0.999998580845344
"ydfI-ydfK",0.0742156267009846
"yiaD",0.0062608340475883
"wzxC",0.929355743241798
"narW",4.68658837685655e-05
"nlpC",0.999998121627305
"asnT-yeeJ",0.744840407331068
"ghrB",0.00462332847639889
"wcaJ",0.0276310476855268
"ddpC",4.68658837685655e-05
"yciM",3.11978303435048e-05
"yoaB",0.796986494262963
"intF",1.13020377230085e-05
"yejK",0.999998121627305
"ydjJ",0.999998121627305
"ydiM",0.999997990142846
"yiaF",0.00347758180784199
"ybeR",3.11978303435048e-05
"yneK",4.68658837685655e-05
"aXE-kduD",1.13020377230085e-05
"ftsY",4.16268191847016e-05
"leuX-insC",0.0742156267009846
"puuP-ycjK",3.11978303435048e-05
"yghU-hybG",0.986368397769663
"asnB-nagD",0.00375845742264592
"citX",3.11978303435048e-05
"ydeI",4.68658837685655e-05
"ptrB",0.0163821907818369
"opgC",0.00284207553604264
"ttdA",0.775463138546323
"hokA",0.00347758180784199
"ECB_01906",0.777514364862791
"mdtG",1.042579107706e-05
"ybgI",0.00376617245054799
"citE",3.11978303435048e-05
"yghG",0.00375845742264592
"ompA",0.997956725050549
"ydcL",0.00472344528328907
"citD",0.00378760917018887
"yeiW",0.747018140564178
"yhbU",6.94003151077036e-06
"sfmC-fimD",0.0499826912710058
"recG",0.0219288203705102
"apbE",0.796986494262963
"dkgA-yqhG",1.13020377230085e-05
"tdh",6.8857332737416e-06
"ydgK",0.00472344528328907
"insB-9",3.11978303435048e-05
"ynjE",1.04251578489767e-05
"mdtA",0.886586498134229
"baeS",0.012649413581711
"ydiB",0.00472344528328907
"insJ-1",0.875569092379725
"ydhY",0.0155896079176982
"insA-9",3.11978303435048e-05
"mipA-yeaG",6.93890665363554e-06
"ltaE",0.00283931457261947
"alaC",0.00348051350313714
"yegZ",0.886594021082955
"insK-1",0.875569092379725
"yebZ",7.83345543859409e-05
"ECB_01994",0.930000639805766
"ECB_01989",0.930000639805766
"insB-7",0.875569092379725
"yobB",4.68658837685655e-05
"aer",0.558684670449596
"ycjO",0.00284207553604264
"ECB_01990",0.886594021082955
"srlD",0.887702607126363
"insA-7",0.875569092379725
"rhtC",0.0057419736721472
"yiaA",0.00514267371946488
"ECB_01991",0.886594021082955
"metR",0.00283931457261947
"dhaR",6.68173428028677e-05
"elfG",0.997956725050549
"opgD",0.00283931457261947
"dsdX",0.796986494262963
"muX",1.13020377230085e-05
"yfhM",2.67729896960735e-05
"xylB",0.00616728757179347
"gltA-sdhC",0.00283931457261947
"ECB_01993",0.886594021082955
"srlQ",0.777526266371234
"yehW",4.68658837685655e-05
"kdsD",0.762125848986901
"tehA",6.93890665363554e-06
"nrdB",0.00348108380608893
"norR",0.796997496660342
"mdtB",0.0126484400766748
"mglA",9.65253631244537e-05
"mtgA",0.00375845742264592
"acs",1.37459239826012e-05
"ECB_01995",0.886594021082955
"cirA-lysP",4.68658837685655e-05
"alsR-rpiB",0.629769343542599
"yhbX",0.006199904099887
"mdtD",0.0126484400766748
"yeiE",4.68658837685655e-05
"yhbY",6.93070574583735e-06
"ECB_01997",0.886594021082955
"fdnG",4.68658837685655e-05
"ascF",0.009305433473359
"cysG-yhfL",1.13020377230085e-05
"menI",0.997956725050549
"ECB_01998",0.886594021082955
"ccmF",4.68658837685655e-05
"ygbK",0.887702607126363
"rlmG",0.999995662089431
"btuE",0.00894876540298039
"ydiP-ydiQ",0.997956725050549
"bax",0.589052630418778
"ascG",0.0034807493684012
"yegP",0.759205702760159
"ECB_02000",0.886594021082955
"nikC",6.20242748241705e-05
"avtA",0.589052630418778
"nikR",0.00806147891847025
"yjjV",1.37920821575212e-05
"ysaA",0.589052630418778
"tcdA",0.796986494262963
"ada",0.00348051350313714
"ilvD",0.997956725050549
"yiaJ",0.589052630418778
"ydiH",0.00283931457261947
"yfcF",1.39223323496062e-05
"uspA-dtpB",1.13020377230085e-05
"ECB_02004",0.886594021082955
"dedD",4.68658837685655e-05
"gshA",0.0034808479182416
"yiaL",0.589052630418778
"ECB_02005",0.886594021082955
"flk",6.93890665363554e-06
"ydhK",3.11978303435048e-05
"ECB_02006",0.886594021082955
"yeeP",0.795872654791355
"waaY",1.13020377230085e-05
"yoaE",4.70720899172722e-05
"yeeS",0.99998632013812
"ECB_02007",0.886594021082955
"hycD",0.999995932567697
"yfcO",4.68658837685655e-05
"murP",0.58902138189829
"ygcQ",0.796986494262963
"xanP",1.02639981088732e-05
"lyxK",0.0116757732899916
"ECB_02009",0.886594021082955
"ECB_02802",0.795872654791355
"ECB_02010",0.886594021082955
"hycA",0.796997496660342
"yafZ",0.777142619451626
"ydiN",4.68658837685655e-05
"yigG",1.13020377230085e-05
"ypfG",1.85097124262658e-05
"ECB_02011",0.886594021082955
"eutK",4.68658837685655e-05
"rXA",1.68449325912325e-05
"ppdB",6.93957568263572e-06
"sgbE",0.00348314401508328
"ECB_02012",0.886594021082955
"chbF-celD",3.11978303435048e-05
"yeeT",0.795872654791355
"lamB-malM",1.13020377230085e-05
"ygcR",6.25785456873504e-05
"nrfA",1.13020377230085e-05
"cbtA",0.795872654791355
"ydiP",6.93890665363554e-06
"ygcS",6.25785456873504e-05
"cheZ",3.11978303435048e-05
"fecB",1.13020377230085e-05
"yeaW",6.93890665363554e-06
"speG",6.93934381630118e-06
"yeeW",0.795872654791355
"ftnB",3.11978303435048e-05
"fecR",1.02633747074591e-05
"glcB",0.00436636675051687
"ECB_02810",0.795872654791355
"uxuA",0.479034020332823
"ynfH",6.93934381630118e-06
"yfjM-rnlA",0.000104526130645941
"ECB_02811",0.795872654791355
"yjiR",1.02650270705523e-05
"pphB",0.796997496660342
"ECB_02812",0.795872654791355
"csiD",3.11978303435048e-05
"yehR",3.11978303435048e-05
"yqcE",0.777514364862791
"yfjR",6.95302157415427e-06
"ECB_02813",0.795872654791355
"mlrA",3.11978303435048e-05
"kefF",1.13020377230085e-05
"gudP",0.705077665049503
"ECB_02814",0.795872654791355
"qmcA",1.13020377230085e-05
"chbR",6.93934381630118e-06
"ECB_02815",0.795872654791355
"ppsR",3.11978303435048e-05
"ybcJ",1.13020377230085e-05
"zwf",1.04251578489767e-05
"agaC",0.00348073201954738
"mepM",6.93890665363554e-06
"ydjF",6.93934381630118e-06
"prfB",0.997956725050549
"yebC",6.93890665363554e-06
"yeaD",6.93890665363554e-06
"livH",2.0950324412131e-05
"ygjK",0.796986494262963
"yeaK",6.93890665363554e-06
"ybeX",1.13020377230085e-05
"ECB_02838",4.68658837685655e-05
"plsC",6.95302157415427e-06
"kbaZ",0.999997990353965
"ECB_02817",0.777142619451626
"glcF",1.3923144846747e-05
"yfaS",1.04251578489767e-05
"gspD",0.796986494262963
"trkA",0.997956725050549
"yghU",1.39223323496062e-05
"frlR",0.796986494262963
"uvrY",0.00499893242133421
"pabA",0.997956725050549
"ECB_02819",0.777142619451626
"yeeT-yeeU",0.58902138189829
"ybgF",1.13020377230085e-05
"ECB_02820",0.777142619451626
"symE",0.0155896079176982
"arnE",3.11978303435048e-05
"leuO",1.13020377230085e-05
"acpT",0.000181333874755687
"hsdS",0.999934622416921
"uhpT",1.38547336892185e-05
"ECB_02822",0.777142619451626
"ECB_02851",0.796986494262963
"ycaD",1.13020377230085e-05
"insB-22",0.777142619451626
"yqiK-rfaE",4.68658837685655e-05
"dacD",6.93934381630118e-06
"dgoD",0.00467756814206362
"tusD",0.997956725050549
"insA-22",0.777142619451626
"yhfS",0.997956725050549
"ECB_02825",0.777142619451626
"ygjH",4.68658837685655e-05
"yifB",3.30120651417157e-05
"trmH",0.705077665049503
"ECB_02826",0.777142619451626
"yibL",0.00348073201954738
"waaG",0.00285778473502731
"ECB_02827",0.759205702760159
"acrF",0.00582310964396648
"secB",0.00464288992449632
"yiiE",0.999997990353965
"ECB_02828",0.777142619451626
"insI",0.997956725050549
"yghD",0.777142619451626
"yghE",0.777142619451626
"exuT",0.747018140564178
"ECB_02831",0.777142619451626
"hyfR",6.93890665363554e-06
"yhfG",0.796986494262963
"ECB_02833",0.777142619451626
"yddG",3.11978303435048e-05
"sfmC",0.999942640852436
"ECB_02834",0.777142619451626
"nuoJ",6.88529948839332e-06
"yjjG-prfC",0.00576662643645986
"ECB_02835",0.777142619451626
"gntR",0.796986494262963
"degQ",0.00283931457261947
"eutC",6.93934381630118e-06
"ECB_02836",0.777142619451626
"yhdY",3.11978303435048e-05
"yejE",1.04251578489767e-05
"thiH",0.00467756814206362
"pheA",3.11978303435048e-05
"ygaU",6.93934381630118e-06
"purH",0.00348051350313714
"mtr",0.00522830968268661
"malE",6.93957568263572e-06
"acrD",1.74246338057239e-05
"aidB",2.47588352604908e-05
"ECB_03460",0.777514364862791
"hcaR",6.88529948839332e-06
"cysD-iap",3.11978303435048e-05
"glpC",1.04251578489767e-05
"basS",1.39236210078614e-05
"yjhQ",0.998062970033181
"psd",0.705077665049503
"queD",3.11978303435048e-05
"gspA",0.796986494262963
"uxuR",0.363679385426922
"adiA",2.21655449046504e-05
"dcuS",1.56125278836288e-05
"bglG",0.00348073201954738
"glvG",1.74311665586027e-05
"lplT",3.11978303435048e-05
"ubiH",6.8857332737416e-06
"grpE",6.93934381630118e-06
"ves",3.11978303435048e-05
"accD",6.93890665363554e-06
"sgcR",3.11978303435048e-05
"astE",4.68658837685655e-05
"rffG",0.00464288992449632
"sgcE",3.11978303435048e-05
"gcvH-gcvT",3.11978303435048e-05
"topB",3.11978303435048e-05
"ygfI",6.93890665363554e-06
"panF",1.37920821575212e-05
"astD",3.11978303435048e-05
"sgcQ",3.11978303435048e-05
"sgcC",3.11978303435048e-05
"sgcB",3.11978303435048e-05
"yhfK",2.20642967663105e-05
"truC",6.93934381630118e-06
"rtcR",0.00283931457261947
"fimB",0.0155896079176982
"ECB_04174",3.11978303435048e-05
"glcD",1.04251578489767e-05
"yecR",4.68658837685655e-05
"ECB_02855",3.11978303435048e-05
"fimI",0.0155896079176982
"nanS",1.042579107706e-05
"ugpQ",7.83345543859409e-05
"ugpC",9.41325188658472e-05
"yjbB",1.042579107706e-05
"ugpE",7.83345543859409e-05
"lysC-pgi",4.68658837685655e-05
"insB-27",3.11978303435048e-05
"malE-malK",0.796986494262963
"ugpB",2.09495908984056e-05
"phnI",4.68658837685655e-05
"insA-27",3.11978303435048e-05
"yhhT",9.41325188658472e-05
"gntP",0.0156096935148268
"livF",7.83345543859409e-05
"livG",7.83345543859409e-05
"nikA",2.09495908984056e-05
"livM",2.09495908984056e-05
"nikB",2.51045495264956e-05
"yrbG",6.93890665363554e-06
"cca",3.11978303435048e-05
"fumB",0.00522830968268661
"yjiC",0.0155896079176982
"livK",9.41325188658472e-05
"iraD",0.0155896079176982
"panM",7.83345543859409e-05
"nikE",7.83345543859409e-05
"yihG",6.88529948839332e-06
"hypT",0.0155896079176982
"tdcG-tdcF",3.11978303435048e-05
"ygcE",6.93890665363554e-06
"iadA",0.363679385426922
"yjiG",0.0155896079176982
"yjiH",0.0155896079176982
"rbfA-infB",3.11978303435048e-05
"hpf",3.11978303435048e-05
"ydjH",3.11978303435048e-05
"yhcC",6.93934381630118e-06
"yjjP",0.00348051350313714
"yjiL",0.0156096935148268
"yhhM",7.83345543859409e-05
"idnT-idnO",3.11978303435048e-05
"rplE",6.93934381630118e-06
"ECB_04148",4.68658837685655e-05
"ulaA",6.8857332737416e-06
"rplN",6.93934381630118e-06
"elbB",1.04251578489767e-05
"yhhQ",7.83345543859409e-05
"insA-28",0.0155896079176982
"dcrB",7.83345543859409e-05
"opgB",1.3923144846747e-05
"tusC",6.93934381630118e-06
"insB-28",0.0155896079176982
"yhhS",2.4478123883967e-05
"rrfD",4.68658837685655e-05
"ttdR",6.93890665363554e-06
"fic",6.93934381630118e-06
"nirB",6.93934381630118e-06
"nanK",3.11978303435048e-05
"frlB",6.93934381630118e-06
"gph",6.93934381630118e-06
"dcuD",3.11978303435048e-05
"rpe",6.93934381630118e-06
"damX",1.042579107706e-05
"yhjQ",7.83345543859409e-05
"mrcA",6.93934381630118e-06
"degS",6.93890665363554e-06
"yhgE",6.93934381630118e-06
"yhiKL",7.83345543859409e-05
"ligB",1.3923144846747e-05
"rplR",6.93890665363554e-06
"gspL",6.93890665363554e-06
"yhfA",6.93890665363554e-06
"frlA",6.93890665363554e-06
"yhgA",1.38535686255756e-05
"nfuA",6.93934381630118e-06
"kdgK-yhjJ",6.93890665363554e-06
"yidJ",0.00284207553604264
"yibQ",0.00284207553604264
"asd",6.93934381630118e-06
"hdeA",7.83345543859409e-05
"yhgN",1.042579107706e-05
"gntU",1.042579107706e-05
"znuC",3.11978303435048e-05
"frvA",6.93890665363554e-06
"gadX",7.83345543859409e-05
"coaA",3.11978303435048e-05
"amn",3.11978303435048e-05
"yjeH-groES",3.11978303435048e-05
"yjdP",1.04251578489767e-05
"frdA",0.00284207553604264
"hflC",3.11978303435048e-05
"mpl",6.93890665363554e-06
"tsaC",3.11978303435048e-05
"smg",3.11978303435048e-05
"yjtD",1.042579107706e-05
"creC",6.93890665363554e-06
"gapC",3.11978303435048e-05
"insA-12",3.11978303435048e-05
"insB-12",3.11978303435048e-05
"cybB",3.11978303435048e-05
"ilvA",3.11978303435048e-05
"ftnA",6.93934381630118e-06
"fkpA",3.11978303435048e-05
"trmA",3.11978303435048e-05
"waaL",6.93934381630118e-06
"setC",6.93934381630118e-06
"hslO",3.11978303435048e-05
"purE",6.93934381630118e-06
"ECB_03279",3.11978303435048e-05
"aslB",6.93934381630118e-06
"yigF",6.93934381630118e-06
"rarD",6.93934381630118e-06
"cspA",3.11978303435048e-05
"phnK",1.3923144846747e-05
"dcuB",1.042579107706e-05
"epmB",6.93934381630118e-06
"alsR",3.11978303435048e-05
"rpiB",3.11978303435048e-05
"phnP",3.11978303435048e-05
"phnO",3.11978303435048e-05
"phnN",3.11978303435048e-05
"phnM",3.11978303435048e-05
"yjfC",6.93934381630118e-06
"phnL",3.11978303435048e-05
"phnJ",3.11978303435048e-05
"phnH",3.11978303435048e-05
"phnG",3.11978303435048e-05
"phnF",3.11978303435048e-05
"phnE",3.11978303435048e-05
"yjdN",3.11978303435048e-05
"yjdM",3.11978303435048e-05
"crfC",3.11978303435048e-05
"yjcZ",3.11978303435048e-05
"basR",3.11978303435048e-05
"melR",3.11978303435048e-05
"melB",3.11978303435048e-05
"yjdF",3.11978303435048e-05
"yjdI",3.11978303435048e-05
"yjdJ",3.11978303435048e-05
"yjdK",3.11978303435048e-05
"fis",0.12774153557979
"icd",0.745011794795699
"acrR",0.953007734328881
"ompF",0.0181456101893485
"rsxD",0.742652501222802
"potD",0.925784313989536
"gyrA",0.0686683354301751
"folA",0.0170981785383896
"fusA",0.188065064085494
"rpoC",0.0924078279140109
"ylbE",0.967416923393941
"envZ",0.14726475940197
"ftsI",0.0328785224689329
"ompR",0.0919905223354386
"potA",0.909102030260294
"gyrB",0.113267243951179
"marR",0.157540976881896
"cyoB",0.942290965161064
"mprA",0.0472290051732522
"atpA",0.0687353911124403
"holE",0.0123392466045001
"soxR",0.946749073993563
"ygbT",0.00696780851710755
"trkH",0.264258856424148
"fucI",0.0281208379228327
"folM",0.0393505462847467
"frdD",0.59081463234135
"ompC",0.0297051193805701
"rpsL",0.216400109869165
"motB",0.0165475121029193
"mlaA",0.0327682078519915
"rplD",0.0309269590939013
"cpxA",0.939993108764685
"atpG",0.984786287639735
"ydgC",0.999534701012792
"rhsB",0.0288850247235925
"insL1",0.0251172710069852
"dusB",0.0568660849751008
"rpoA",0.209987926063595
"citG",0.0188257230778809
"nfsA",0.0115026054794036
"sseA",0.999584390253462
"yhiJ",0.00749961380742376
"yhdP",0.00760581192409426
"ynfE",0.58924796878897
"cydA",0.999584417855418
"yggP",0.00343196377437576
"ychO",0.70281711033662
"yiaO",0.773401432266469
"rpsE",0.0118035832714505
"folP",0.00699358194425473
"rplV",0.00348026372651435
