genome site,probability
proK,0.0256949365139
acrA,0.00377259356901
evgS,0.00139655324165
topA,0.00574646145105
mrdA,0.000280503125396
araJ,0.00224518915638
pcnB,0.000821289955638
thrA,0.00128556997515
mrdB,2.29878223763e-05
mokC-nhaA,0.00985049363226
satP,5.65934760743e-06
ybaL,1.39926396514e-06
clsA,4.40569465354e-06
murE,0.000304267887259
ompF-asnS,6.92704282823e-10
ftsW,1.67648049683e-05
dgt,8.58665498527e-06
secF,4.27775667049e-05
ECB_00212,5.99130146384e-07
cyoA-ampG,1.32147179102e-05
lon-hupB,0.0011879230151
mraZ,9.44395287661e-06
yahA,1.23657471818e-07
fsr,5.81290237278e-07
frmB,1.13843807412e-05
ylaB,1.22991457719e-20
umpH,2.36665414377e-06
tig,0.000227724551223
sbcC,8.37560874061e-05
ykgE,2.09926724892e-08
yahG,2.71888020507e-05
polB,1.74812413434e-07
kefC,6.95300741427e-08
pdhR,2.45051819547e-06
gltL,1.21635594041e-06
dnaK,6.50833135296e-06
hfq,0.000326606677845
menD,0.000824904534966
dnaJ,0.00414533028379
lpxC,1.7175491962e-07
rapA,0.000255668594036
sgrR,4.2611455342e-07
spoT,0.000186966979527
yfbV-ackA,0.00162179465406
ydcD,2.57514057012e-05
mokB-trg,2.83915868593e-09
rlmL,0.000238315755269
ispU,0.00684900442138
glpK,0.0190849024802
rpoS,0.000238776323386
mdtG-lpxL,0.0213190056384
mglO,7.6161501056e-05
ybaK,1.64738059993e-06
COG0428,0.000727526727132
miaA-hfq,1.37547081924e-19
lpxM,5.9592417756e-07
yecC,0.0137879960239
galS,0.00053604360437
argP-yadG,3.51658236468e-05
ycaQ,0.00447042752057
csgD-csgB,0.000988668878563
xapA,3.68248111045e-05
yciW,2.27627138518e-18
araA,0.000159620802151
groL,0.00176781974733
plsX,0.000181198018254
fucO,0.00219252123497
yoaA,0.00905782356858
hflK,8.92897151061e-05
aroA-ycaL,0.000855745747685
pgaB,0.00192397099454
uvrB,0.0492340661585
nuoF,0.00327028776519
gatZ,0.0009487659554
srlR,0.000163784236065
arcA,0.000218357163249
yffN,4.54251494375e-05
gatC,0.00092898652656
ydaV,0.0050305062905
garK,0.000123168283608
rpoB,0.00417293421924
sthA,0.783922374249
manY,0.00475415308028
kefC-folA,0.0141345085576
polA,0.000503828807268
pyrE-rph,3.33502284775e-05
kdpD,0.953337132931
flu,3.83507341439e-07
adiY,0.00010524685058
cbpA,1.24051648527e-05
lpxC-secM,6.85664090609e-13
pykF,0.000227266224101
rne,0.0205650981516
ahpC,9.18685418583e-06
clpX-lon,6.91768946126e-05
rph,0.000534319668077
acrB,0.00604148907587
pgaA,5.87287054543e-08
yaaJ,0.0118856523186
cyoA,1.28520781573e-07
dcp,6.91702953191e-05
atpD,0.00152386829723
eutB,2.74757319712e-25
argS,1.2863022647e-08
arnC,1.88786234503e-05
nhaR,5.1961801546e-06
ppsA,1.34946089858e-08
crp,5.86958958593e-05
relA,3.46034175891e-05
nusA,0.00322762108408
rho,0.000271196506219
cvrA,0.000125897262478
argR,7.05421952831e-20
entD,0.000156371024786
glpR,0.00132391054649
mliC,0.000126554077724
ECB_02832,0.000137337090564
ycdT,1.6634565327e-05
dacA,0.00476846238598
yddB,4.14353671658e-05
yneE,0.00235525891185
fabF,0.000942656828556
proQ,0.00141992827412
acnB,0.00161159515847
ybjG-mdfA,0.00332692940719
yeeP-isrC,3.68658220395e-07
ydeE,1.06097218122e-06
rob,2.85684345727e-05
xdhB,7.55713772378e-05
mlaD,7.7912022789e-07
rbsK,0.0010804819176
parC,3.26052650053e-05
hydN,0.000408700871048
ccmH,3.74190989305e-07
sstT,0.000417539995397
cpxR,1.07875193862e-05
ypjC,0.0106171751395
yegQ,5.00464593642e-05
tufB,0.000574937672354
gtrS,2.01473631023e-05
pgsA,0.000309772411129
zupT-ribB,0.000198925394216
phoQ,0.000179567170562
ynfL,0.0346102640033
nagC,0.00905260350555
yedW-yedX,0.00537699600682
rbsA,0.00184385071043
ldrC,7.00296959621e-06
ecpR-ykgL,0.000247685151407
satP-yaaW,0.000317870406434
ECB_01992,4.65215780423e-05
opgG,2.65052985924e-05
mreC,2.02631490538e-05
sbmA,0.000325499742758
ECB_00825,0.00026323707425
tesB-ybaY,6.50036745355e-05
cpsG,8.85784393176e-05
aroP-pdhR,2.87341390504e-06
rssB,2.59557964455e-06
ybhI,1.2485611478e-05
rluB,5.41306108062e-05
dnaX,4.33382496112e-07
ylbH,2.18349778152e-05
sucB,1.40355794542e-07
rpsA,2.05441548218e-08
ybhJ,9.55022514404e-08
yccE,8.3271368112e-07
gabD,5.21723535485e-08
acpH,2.73749651569e-06
rbs,8.02882198059e-07
ynjD,1.55543481824e-19
yceA,0.00208364776336
ycfH-ptsG,0.00183931132779
rna,0.0001919723436
yejM,1.67039233929e-05
slyD,0.000215341206058
fnr-insH,0.0012192967115
mfd,8.92784385087e-07
hns,1.07834415009e-10
metL,0.00828476250172
secA,0.0488299764693
hybB,0.00341869704425
mdh,4.60973019756e-08
hrpA,4.74333901366e-05
prpR,0.00147958984599
aroP,3.6260145548e-14
rsfS,5.96304250422e-09
clsC,3.14296703599e-17
ynjI,0.00225071725436
dcuB-dcuR,0.00218681921251
focA-ycaO,1.28492920339e-05
ydaG,0.0258188992739
gatY-fbaB,7.43283578686e-07
pntB,4.26713086199e-05
fruK,0.028460117057
isrC,5.59747561861e-17
mdfA,8.94779077498e-06
hiuH,0.000128247163957
yfgF,0.00324317533523
hns-tdk,0.0093148695305
yfbM,0.00409909198061
mlc,0.0142801627517
ftsX,1.72181827907e-07
msbA,0.00010797251889
mhpB,6.71309826104e-22
wzzE,1.52054550323e-19
ogrK,0.00224030949175
nudE-yrfF,0.00507890200242
wzc,6.8521265348e-05
acrS,3.84355978156e-08
ydgI,8.73168704216e-21
insK-glyS,0.00671039428562
yaiT,8.29814496228e-07
arcB,0.00200959993526
ispF,0.00203934498131
fliC,4.48947575933e-05
hemA,2.27522104979e-06
yciB,1.13330202112e-07
thiQ,4.08828135789e-08
cyaA,0.000112080517283
waaA,0.0105785960332
pdxB,0.00014461298997
acpP,0.00557465432212
feoA,1.10912733362e-05
flhD,0.000113274334581
lldR,9.93115099845e-05
nadR,0.000109479864477
gpt,0.00517394207418
ilvB,0.000207393095479
purF,3.07220747315e-19
pitA,0.000400445976993
yifN-ppiC,0.00115485792048
alaS,5.2747823247e-06
ycjF,1.36530090344e-07
ycbZ,0.00083950109547
yjjK,0.00015511662059
dcd,4.38857966856e-07
yfiE,0.000500552647281
rplF,0.000144652440213
rpoD,2.11157839658e-05
rimK-ybjN,0.000400598481065
nfsB,6.16973557044e-05
ybhF,0.00228466978297
emrB,3.86920874007e-05
ybbA,0.000758379814215
tsf,5.95789719033e-15
yjjM,0.000279303319985
insL-lon,0.00562081439421
quuD,1.799873246e-07
insL-2-lon,2.32162637985e-05
setA,1.39856329642e-11
insB-1,2.06694185181e-05
ECB_01996,2.11939404835e-05
pflA-pflB,0.000120503733342
ybiW,0.000509112607688
ynjA,1.67110183343e-26
ogrK-ECB_02013,1.40511133395e-07
entF,2.28025251459e-10
thrS,5.25251452927e-05
ECB_01513-ECB_01523,3.34185824613e-06
gspF,5.2942322526e-08
hokE,3.50732739207e-06
pta,0.00114656728692
dosC,0.00170292833354
gmr-rnb,4.27044857809e-12
ECB_00736-ECB_00737,2.16770467887e-06
nth-ydgR,2.65553699137e-05
puuP,8.4105769929e-05
hyfG,9.55171053363e-10
ydcU,0.000235170591623
rlmH,3.69307751047e-10
ybjE,4.62363532279e-05
rfbA,2.18148506974e-05
ECB_01413,0.0050654145889
opgH,1.03329275589e-05
ydiJ,4.8263232778e-23
murD,8.01016794867e-05
valS,6.95278067724e-05
bamA,0.000273803889286
cusA,9.5047720805e-09
proA,0.00508900266141
paoC,0.000324940716382
wecF,0.000878223159816
ptsG,0.0002111812355
ytfT,0.00225732638501
serB,0.000523722788785
dapF,2.27948858083e-05
sapB,0.00567482132465
malT,4.0785253077e-06
fhlA,0.000446768448455
frvB,4.73008185509e-06
yfgO,0.000389470194932
rrlD,0.000230004647165
atoS,0.00978288240731
pntA,0.00296719302423
mngB-cydA,0.00336703355424
htrE,2.56941748376e-05
corA,0.00945154111832
ygeW,0.0417785868049
prpE-codB,0.0316655449569
gcd,0.251194536686
ygiC,0.0539514571428
ycaL,0.0294166356325
treA,0.04002475366
mepS,3.90131071981e-06
ygaH-mprA,0.000199243339011
yiaW,1.80799463578e-06
yhdJ,0.000106740684714
clcB,3.88402950193e-05
pepT,0.00159165018704
yaiV,0.00579512305558
eptB,1.22441442727e-05
iscR,0.00544221652672
sfmD,0.000242019756115
hybF,0.00189795682672
leuS,6.45291606816e-08
mdtO,6.73417662847e-16
gntK,0.00124243751634
ykfH,0.00814989767969
bglJ,1.23245672512e-05
nadB,9.92953232526e-07
ilvG_1,1.40280320693e-07
ydjO,0.000445247045718
infC,0.000819468521513
fepA-fes,0.00018029511557
mreB,8.38951018522e-05
metA-aceB,9.00649101823e-05
pyrB,3.26072877215e-05
rhlB,0.000105627208541
narG,0.000250537181273
yaeH,1.76542525878e-05
yffS,5.95406639547e-08
yabP,4.07965380873e-05
parE,0.00112768472172
kbaY,0.0023712858092
ygbE,0.000395353330532
carB,0.000197816261789
yghA,2.16800872295e-05
yegI,2.13528546269e-26
yghJ,0.000565623049624
fadE,6.84993210598e-05
leuA,3.61305937986e-05
tilS-rof,0.000496841850691
gltI,4.2325823415e-06
elfC,5.34450337e-05
glgP,2.20032070501e-05
yehU,0.000598258106038
pitB,0.000619300408289
kpsD,2.96134861424e-13
yeeN-asnW,1.35038590088e-05
aspC-ompF,1.30464785026e-13
pck,1.27847457065e-07
ECB_02798,2.85442342829e-06
wbbD,7.36746223993e-05
ECB_02821,5.60780881642e-06
flhA,0.000365930667613
manZ,4.26132237408e-06
dtpA,0.000186814257177
ydbD,3.33397656505e-05
glrK,3.75102814587e-07
rfbB,7.45169063521e-06
yigE-corA,1.27676366901e-05
acrD-yffB,1.66290774359e-05
dnaG-rpoD,1.13307453375e-06
infB,1.74255310412e-05
ydeJ,0.000201741087949
ECB_02003,1.01661578356e-06
yeeJ,0.000245256029302
ppk,8.93323813216e-05
ansP-yncG,0.000113813643111
glsB,8.96538549569e-05
chiP,7.928159107e-08
ybbP,0.000103601887531
aroL,0.001735343365
ftsK,4.09755830333e-06
eutA,0.00332412263379
ihfA,0.000155830726726
fepE,0.00555728003383
ravA,4.21331776579e-07
iscU,1.27271803763e-07
oxyR,1.56642213089e-10
fabR,3.67304986971e-21
ygbM,1.93781852431e-05
ynaI,2.13075097122e-07
rep,0.00422524474561
typA,0.00768057163805
ydeK,0.0587135255337
yfjL-yfjM,0.00367144844495
ygaZ,2.15990439756e-06
yeeL_2,0.0014858256327
waaU,2.1097082481e-07
psaA,0.122216582298
iap,0.000375508563593
putA,0.00103684258647
rpsJ,0.000464635144453
mppA,4.52870044683e-05
rlmE,2.85361402348e-05
yejM-proL,1.53309304096e-06
aldA,3.83103142667e-05
mlaE,0.00315468106419
barA,0.000371544068912
atpB,0.00347744557075
nmpC,1.72156560438e-05
roxA,0.00256827939302
ampH,7.79144102125e-06
narZ,0.000928341469262
yjjA,0.000372590089682
wecD,2.9292351727e-15
kgtP,4.89778884116e-10
purE-lpxH,0.000202740542591
mlaF,1.30285569e-08
deaD,2.30702914468e-22
dacB,0.00264734379016
arpB,2.25129637265e-19
rpsF,5.17715525348e-05
phoP,0.000171705076355
yhhH,3.24985703628e-05
glmU-atpC,0.00250048562884
dusB-fis,5.7451059547e-05
caiA,0.000741878757253
fadL,5.30913837338e-08
phoH,0.000673921662383
glnD,0.0113721685484
rseP,0.000966502877418
sgrR-setA,6.86748680891e-05
ddlB,3.67392005707e-09
cmoB,1.67804173543e-05
tldD,1.43556189869e-06
ECB_02008,3.35783478447e-22
ebgA,2.81820794044e-05
mntH-nupC,1.29699074023e-05
efeO,1.04236005427e-06
glyU,4.90958882438e-05
argE,0.00052636268083
manX,1.8802280465e-05
sdaC,1.482562908e-07
glpT,1.17438014513e-06
truB,1.41841255754e-05
pbpG,3.07651526477e-09
glpG,0.000431490596384
glpF,8.54192112456e-05
rpoH,6.6586817411e-06
znuA,0.000129317602841
ECB_02804,8.00638736109e-06
dinG,0.000306420348352
atoC,0.000393703725422
yejA,9.13028316063e-07
iclR,0.0177560895681
crr,0.00054677267326
dhaM,1.32225579819e-06
recO,0.00169674388599
yeaH,0.000507164746523
cobB,0.00154807546642
ybdN,0.000213343737414
lsrD,0.000154446868692
nth-tppB,0.00989729724824
rhtA,0.00312362937257
pgm,7.66526645748e-05
glnE,0.000828234944493
mioC,0.000798796187155
uhpA,5.22630863031e-08
uvrA,1.93978237917e-07
uidA-uidR,0.000967355968896
menC,5.3397263855e-07
insB,0.00692516053095
yobD,3.87940963265e-05
clpA,0.00121552916244
wecB,0.00547453481704
adhP,0.00155385141261
wcaA,7.67257112508e-21
yeaR,0.00120477855671
pgl,0.0705563947558
ydfI,0.00931284949183
yjhV-fecE,5.76629007909e-16
mutT,0.0282443314791
yhhZ,0.00103528553154
ubiE,0.000901893537957
ydhZ-pykF,0.00028604734689
yhjK,0.00321846315637
abgB,0.0198994725943
rstA,0.000180321774678
essD,5.21265176883e-15
cra-mraZ,0.00221219565719
mtlA,6.98168491908e-07
nuoL,0.0132561745122
ribD,0.000168282160303
bglF,0.000140468066093
ydcI,0.00306556280702
galE,0.000567883718759
idnO,5.80003067796e-09
alr,6.92322100265e-19
aroK,5.9571575548e-05
pnp,0.000757138535846
ahpF,0.000264042930212
marA,0.00356799736619
yrhC,0.000106602448795
kup,1.34186575451e-06
rpsM,0.00855338014662
asnB,0.000144605961395
yagU,1.48846420416e-05
djlA,0.000725208898075
nupC-yfeA,4.50019221304e-22
fadH,2.64836453425e-05
wzyE,1.91505744596e-08
tktB,1.96960550451e-23
yifB-ilvL,1.30298740686e-08
glmS,7.58106921239e-07
ppiA,2.86644848302e-07
wbbC,0.000281081127468
yqeA,0.000191480590729
yfcI,3.26814733853e-05
uspA,4.75786464449e-06
dnaA,0.0015239197528
ECB_02002,1.54109238792e-06
yedW,0.000312598538585
lysP,8.81407572706e-07
yfeY,1.42226208482e-05
ygcN,1.43559053534e-11
tap,6.54135947116e-05
wcaI,1.56598147782e-08
aphA,1.61778479068e-12
frmR-yaiO,5.59752734262e-05
mreD,0.000371463684132
prc,1.49697211782e-06
endA,5.46550005254e-08
murA,4.61897252535e-06
trkG,4.81557472085e-05
mdtJ,0.00272370385937
ybeF,2.00727605631e-20
ygeH,0.00227458355948
modE,9.24446649151e-05
fliF,8.13159294921e-06
yehA,1.81344876182e-05
manA,4.36648042523e-06
lhr,0.0018559191376
rhsC,0.000266313552856
cadA,0.000106326915557
stfP,2.87793886855e-06
ftsE,9.34580317153e-24
kup-insJ-5,1.94894601009e-05
rbsD,6.46282496746e-05
rtcA,3.17990014764e-07
mntP,9.61241494224e-06
wecA,0.00274751870893
glgB,0.0027537685819
yqeG,7.22115601093e-07
yjiV,0.00163748592604
mgtA,0.000949654961005
flgK,5.74730120206e-06
acs-nrfA,0.000573206460103
nagA,3.52995425601e-06
panB,0.00319833518006
yeaG,6.30052891211e-05
rstB,3.58485908691e-06
thiP,0.000117885130749
yaiW,9.53635244514e-05
oppF,0.000281828979496
nuoI,0.000273244513664
yjbM,8.66687605594e-06
amiD,0.000360278383596
mipA,1.02530179902e-06
fepA,1.59892308811e-14
yhhI,0.00294326874427
nirC,0.00472822086886
narI-ychS,1.91282197193e-07
ybjN-potF,0.0001243417355
tamB,4.57216587264e-19
greA-dacB,0.0084685748443
glgC,0.000183298747288
ECB_01999,6.62184493194e-06
gor,0.00366846192628
rrlB,0.00115948705934
metH,0.000190053266124
amn-yeeN,5.73460511077e-06
proL,5.40683142702e-09
rsmI,5.28791815668e-06
loiP,1.23903056258e-14
speB,0.00077202450484
ygfK,5.0556604887e-18
dctA-yhjK,2.17390297621e-05
gltB,7.21111632629e-08
nuoM,0.000158145820023
uraA,3.40569750179e-09
glgA,6.08719726101e-13
gspG,0.00383389298804
uspB-uspA,8.54065801832e-05
ECB_02512,3.07597952087e-06
yhiM-yhiN,9.39564779401e-05
fhuA,1.05759920643e-06
rimO,3.45947029246e-07
emrD,0.000693068606779
ydgJ,2.76040245808e-05
bcsZ,1.09115944724e-06
glnS-ybfM,0.0126227978617
ycbV,1.64544955439e-09
guaB,0.000102718615381
yeaN,0.0013807201758
cydB,0.000130991189508
rpsB,1.28929611289e-16
hscA,1.08894635531e-08
fxsA,2.60502552862e-09
rlmA,0.000143378492794
abrB,0.00422140676528
potC,4.64988980653e-09
ibpB-yidE,8.2098722487e-06
yjiK,1.24975292337e-08
yeiH,4.47521930624e-09
ybiO,3.43845340467e-06
ynfM,8.16432212325e-22
rzpD,6.00603229373e-08
murC,0.00111467554234
gltX,8.89664590886e-08
fhuB,0.000113434311061
osmF,4.13777925132e-05
pncB,7.04187987139e-05
sspA,7.5976441849e-07
lepA,0.00878629460931
fadJ,0.00014159323473
narU,0.000195530898054
fes,0.000568267889321
yhhJ,7.24062953903e-18
hslU,0.0016554875765
ldrC-chaA,2.38058710238e-05
ybjD,2.94242090604e-05
araE,0.0232281535864
purL-yfhD,2.49424101639e-05
ygdH-sdaC,8.62811648403e-05
hycE,7.15776271587e-10
uspB,3.15752986353e-05
rplU-ispB,0.000437909679022
malQ,6.52964945402e-06
rtn,0.000137853770866
yjaH,4.07754545731e-14
hypE,2.73838989678e-11
yicC,3.54273288394e-06
ECB_02800,3.9835717871e-06
yiaG,6.42981386772e-17
atpF,0.00250640744343
ftsP,7.3183969107e-07
lhgO,1.64856101037e-06
ydjE,2.82138626062e-05
lpxK,0.00118150759954
ybjL,3.05735994743e-07
yodB-serU,0.0155222108588
yhhW,0.000138356946991
cdaR,0.00114595587365
nuoG,0.000309280469082
rbsC,3.47635032085e-05
cspC,0.000381069723517
asnS,0.00306217069738
dapB-caX,0.00212943786755
cysK-ptsH,0.0166624374688
hrpB,2.82474732494e-09
treB,3.42010537224e-07
yeaP,2.57403316937e-05
ylbE_1,0.00664765574038
aroH,1.541268648e-05
speC,3.96195027861e-05
rbbA,2.28228827837e-06
rbsB,0.00261647370644
insL-2,1.07967889562e-06
yjaG-hupA,0.000253189209616
treF,3.47192319339e-08
nrdF,0.000162472206284
atpC,1.14724469924e-08
mdtN,1.59669541477e-10
dapA-gcvR,1.73990447365e-05
ubiB,2.87353946193e-10
rsmD,3.11481294091e-08
cusC,7.85892771091e-05
orn,0.0009098869632
kch,1.10986802611e-05
yjiN,0.00341616338119
melA,2.07888570003e-05
selA,0.000724697601981
asmA,0.00497220968828
fruA,2.70064647339e-05
insH,1.47668146155e-07
yraK,1.30422620259e-07
glf,0.000590260431636
cfa,1.32529075927e-05
lrp,8.76938720467e-05
yobF,8.11357385828e-05
oppA,0.0172416456044
gstA,6.49697806665e-09
perR,3.29828799295e-06
yfeA,9.01937028175e-07
ydeM,0.000752395775635
borD,3.40681651778e-08
ggt,0.00137799303047
zntA,0.000522635877132
ybcM,1.10203363874e-05
yqaB,7.11672276665e-09
nuoE,2.99318835459e-05
yhiI,2.11603346543e-05
murF,0.000462432275526
arfB,1.00255119762e-08
epmA,3.63112349078e-07
glpE,3.00298324873e-06
yjeH-groS,7.43722484913e-05
uvrD,4.3772551908e-14
yjhC,7.48487138935e-08
argD-argC,6.83756716408e-15
yjcF,9.57993573358e-10
lpoA,9.50758655832e-12
glgX,2.6461995617e-07
ybhN,0.00189049937762
mdtM,4.16543429083e-07
arnT,6.18857347945e-06
lptG,0.000458408147097
udp,0.00121863663662
yneF,0.000428142724559
fabD,5.72526641918e-06
yicH,8.89275838745e-07
wecH,1.47428763739e-05
yhbW,4.06993379333e-20
fepB,0.000601672800258
pstC,3.32003874064e-05
yebO,1.43400211527e-05
ycjM,8.57405029819e-05
yiaN,5.58326246392e-06
evgA,0.00105843588244
katE,9.01109160623e-06
ydgD,3.24179673044e-05
ybcV,2.24794057431e-05
ybhG,4.06663684771e-06
gabP,1.13027873283e-07
sfmH,0.000254781130934
ycdY,0.000147907412611
hofN,4.09158133152e-07
yihQ,1.80725669452e-06
ycfQ,3.47869945472e-06
rbsR,1.59978519321e-08
hsdM,0.00152554444503
dtpA-gst,1.49912636971e-07
cusS,0.000358983932529
yafE,0.00606284150854
nrfG-gltP,0.00158773444127
lptB,0.00021748218569
dppD,2.63404544967e-05
ECB_04076,0.000277324637864
mscM,8.06521793795e-11
ECB_00624,0.000193811545614
adhE,9.30716295197e-17
yjiPQ,4.55259532828e-06
uxuB,8.94215263543e-05
idnR,2.43386330112e-06
fadD,1.8960580519e-06
gltT,0.00100164988544
yeeE,1.15310701524e-22
yhiD,2.90568294758e-07
mgrB,4.90997626912e-06
maeA,2.84060274359e-18
osmE,2.93888859915e-07
rrsG-clpB,1.21187497371e-06
yaiY,6.9891120389e-18
ybcW,0.000168636674061
ygbN,0.00251666991971
csgC-ymdA,0.000439824274508
hypF,1.96564116095e-07
ptrA,0.00130207499024
cyoC,4.08800733567e-05
yhiL,9.39216064921e-08
hsrA,0.00378968939185
ebgR,0.0297672115266
rnd,1.70968036173e-07
gltA,0.0217309575528
ECB_00512,3.35673962581e-06
tomB,7.42432439438e-06
metA,0.00066645554034
rpsC,1.72466643562e-05
hsdR,5.84093697853e-07
rhsA,1.44879344077e-08
aspA,0.00362672004849
ftsH,3.91832691093e-05
bcsB,4.72335295876e-11
recE,0.00783266872168
mukB,5.65589543839e-05
yecN,2.93698912406e-15
wcaN,0.00360441813245
rhsD,0.000188707286725
exuR,0.00572073785588
sppA,0.00148920610081
hcr,0.00211001303978
nlpI-pnp,4.81062462696e-16
yobH,6.0258139456e-07
tqsA,3.77929580717e-20
yedE,6.94858536008e-05
fadL-yfdF,0.00660123443231
yaiZ,9.45879764913e-06
mutS,0.000194688909687
grxB,0.00188345019706
bglX,2.88474771848e-10
plaP,0.0113688986748
yhiM,0.000141696014907
nmpC-ECB_00513,0.00178358214907
sdaA,0.000125260572531
infA,2.62985679456e-07
thrS-arpB,1.36214350732e-06
dsbG,7.54954925242e-08
actP,7.69763573771e-05
yjcC,3.46791665606e-07
IS1_insB-ESCRE4497,3.40552978741e-05
ECB_04210,2.28253429668e-05
mak,7.74320412233e-08
ldtD,0.00156320643146
allD,2.59851162809e-07
mcrC,2.07304182709e-08
malI-malX,1.79300639047e-06
glnB,0.000188968188013
narH,5.31306852736e-07
gadA,0.000196999550099
asnU,0.0101142004132
glxR,1.09141206934e-20
pflB,3.39271601751e-21
kdgR,0.00699109584093
speF,3.7665802865e-16
rcsC,0.00198577158153
ddlA,1.66201189131e-05
nohD,0.00175628555007
lolC,0.00390184787102
lolE,9.36833293963e-06
yhiN,1.02551830139e-07
citC-gatZ,0.00154402630869
rrlA,0.00222405651584
narP-ccmH,0.000532019825187
pheS-pheM,0.000190920560271
gltL-insJ-2,1.96720448002e-05
gcl,4.78243200632e-05
nanC,0.000201236398425
yjgN,1.28587680592e-05
ampG,3.39298298968e-06
prpD,3.62946437349e-08
ynfF,6.05314132152e-11
uvrC,1.76732537511e-05
yfhG,7.35378125682e-05
hycB,0.00132947892416
nikD,0.000613962649368
pepN,5.03400660818e-05
yiaK,0.000415529619204
msrB,1.43166535054e-05
ygcU,0.000729483144823
proP,0.00228705676273
mltB,1.43867021052e-06
yqiK,0.000583762943279
nudL,7.41923883441e-14
iraP,5.58797452754e-08
dnaE,0.000289216288365
ymfD,5.84019326197e-05
treA-dhaM,6.59069264657e-05
ccmB,2.34052190962e-08
ECB_02200-nuoN,0.00332779926248
ECB_02013,0.000967528729234
ykgF,7.56746449042e-05
cysQ,2.33323480643e-05
cynX,2.06147191761e-07
mscK,2.51701567322e-06
ydbH,2.01949915208e-05
yniA,1.10234521511e-09
yeaI,4.01239361736e-07
csgG,9.59480312304e-05
nagE,0.000676589144859
accC-acpP,0.000204324678634
yrfF,4.24886638939e-05
yjaB,1.44165755955e-06
phnC,1.17949622291e-10
yjhP,0.000380120734917
gatY,0.000166317026014
ygcE-ygcF,7.10957522188e-07
cysI,0.000658596982248
araG,1.39948397759e-07
astB,8.86466580141e-08
phoA,4.31318221672e-06
ldcC,0.000130447733682
php,0.000865910027642
gadC,0.000358590943506
yadG,6.58307399135e-05
rihB,1.16102546599e-05
yedV,2.80756612483e-05
tolR,0.00282479869202
tauD-hemB,0.00376987387426
ybiV,3.35562217515e-05
lacI,1.24842654259e-05
yeaJ,0.0114090731367
aspS,0.000613156240433
kdpB,0.000224809133215
fnr,1.88401094725e-09
dppF,0.000156314679771
ycjT,0.00388800213113
purP,0.000267634866759
dtpC,0.00208840542473
cusR,0.000514241168275
dauA,0.0124892229214
tsgA,1.88762185651e-17
fre,5.19140303368e-05
ygeY,3.90176819565e-06
ydgH,3.75293431887e-08
pepD,2.62625726464e-05
psiF,2.72265083368e-07
malP,0.000123059813632
narX,0.000827160780318
chbF,0.000958071381319
mutL,0.000239043947659
ytjB-serB,7.39757888368e-05
insJ-3-cysH,0.000123285906739
lysQ,4.95417480124e-05
ybgQ,2.26031188504e-05
insQ,3.30061775458e-05
yeaM,0.000101504992926
dgoT,0.000138298652018
ydcF,0.0016730655916
cutA,0.00107770785689
rplJ,2.97719798255e-05
rpoN,1.45221629282e-05
ycgB-dadA,3.57166414179e-18
yhfZ,4.79086611449e-06
cynR,3.31008891408e-06
yaiC,2.89064869267e-16
ycgG,1.69683673334e-07
nrdG,2.53291218542e-05
dtpB,0.000147307117004
manB-cpsG,0.000630155147519
tdcR-yhaB,0.000255909049883
ynaK-ECB_01341,3.49381552951e-05
ybiX-ybiL,5.76199890929e-05
ruvB,4.7908812121e-05
torZ,8.08642435004e-05
ynbC,2.59220598911e-18
yjiJ,0.00270153605379
gspE,0.000884965527803
ynbD,1.06161005016e-17
ybgL,0.0122512020171
bcsG,6.78122341924e-06
yehQ,0.00275707431138
appY,7.1351081715e-05
proC,0.00892070867121
ddpD,5.69389749216e-06
rsmJ,0.000417350587668
rpsG,0.0160892885178
ompN-ydbK,0.000448691396741
ddpF,5.95830942984e-06
fdhD,1.81246434749e-06
wcaC,8.16694676572e-20
cbeA,9.37430910675e-10
chiA,0.00107617105823
malS,5.92072683503e-06
gltF,0.000103449172457
dinQ-arsR,0.000138189236168
preT,0.00102120591328
yaeF,0.000169430786627
ompT,2.2564738174e-05
ybgJ,0.00278910924681
uxaB,1.3360051997e-12
prlC,2.50336074569e-13
nfuA-gntT,0.000333126634359
rplS,0.000111441629997
pqiB,1.05584313133e-05
ulaG,5.52663914277e-05
maa,3.70903899238e-06
ybbD,7.26307644072e-06
sapA,0.000116646959214
cho,0.00135057792068
ansA,0.000503813382238
yiaY,0.00222291401587
yphG,0.00184990372509
rnr,2.07851899177e-05
ygeA,8.47144547151e-05
dnaQ,2.25084400188e-24
ycjS,0.000141533164424
ydaM,0.000501718430314
cpdB,1.78702492803e-07
oxc,1.60973868333e-05
rlmJ,8.05656441116e-07
pflC,0.00503137800843
ECB_02816,0.00352754257619
yeeP-flu,6.54601390124e-05
insL-5,9.54044026003e-06
yfiR,0.000175955836312
rimJ,0.000136882634251
IS3_insE-serX,3.64423067367e-05
rzpQ,3.50428963429e-05
yehY,9.84520625025e-07
fumC,4.38428578491e-05
yheS,4.80475336514e-17
tsaB,0.000336368335411
yhbJ,6.47631465303e-17
glyQ,3.20993785863e-06
envY,0.000909042079002
ydjI,0.0032562778797
kup-insJ,1.9718438125e-05
rpsD,0.000229481767747
hdfR-yifE,1.56451154348e-17
ydhV,1.12488205559e-05
ylaC,1.77696183528e-05
rof,2.99961484416e-05
ybaP,4.83097437609e-06
sfmF,1.12398020065e-05
yjiK-yjiL,3.64818079106e-05
mdtF,4.76797123664e-21
yhfW,0.000471263279906
yifE,2.52929639828e-05
cheR,5.26701853687e-07
sgbU,4.07239297839e-10
yffP-yffQ,0.0072594541125
yejG-bcr,0.000183436000952
ybcH,0.000418846204411
yajO,0.00294508156367
ydeU,8.30106509966e-05
cheA,0.000395834736992
yhbE-rpmA,0.000450534978881
ybaM-priC,0.000286938331556
yceF,3.4614244214e-05
sufS,9.80570113995e-09
flgG,3.11880467052e-05
ydiR,5.10369427502e-05
ugpA,8.63722161739e-05
atoA,0.00076176924631
cysD,0.00146470055915
tnaA,3.30323501885e-07
yiaU,3.58593497367e-05
ravA-kup,4.01664474339e-05
gltP-yjcO,0.000129439256852
nfrA,7.0102544214e-08
yajR,0.000372113892809
ftnB-yecJ,2.48300602834e-05
feoB,5.84863754649e-11
patA,0.00479418644682
aroD,3.40714104823e-05
ytfR,0.000176734189154
phoU,1.23880916636e-09
tus,0.000280328822555
ilvC,1.17167633107e-06
adiC,1.38913173942e-05
nfrB,0.00207575457171
stfR,0.00190168025438
ydeT,0.000282213732135
yqjK,5.43972510059e-06
ybdR,2.051861576e-20
mnmC,1.60864692589e-06
ygjR-psrN,1.86322631635e-05
acrE,2.99327598441e-06
amiA,0.00316777778789
yjbH,0.000658346631099
yihG-polA,1.52054019509e-06
feaB,5.74744590267e-05
smtA,0.000948817934841
arsR,2.86333410358e-15
cycA,0.00455673225224
yghB,0.000258224201389
ydjG,0.000335934571922
cdd,8.42113004182e-05
fdoG,0.000205055970582
nac,8.82938911673e-06
yihM,6.48728891974e-05
rlmB-yjfI,1.07989853859e-05
recN,6.14255759501e-06
cynT,1.42413500726e-05
cbrA,0.000386865838664
dld,9.40402813399e-08
arsB,2.79247132084e-07
cca-uppP,0.000628133246209
ECB_02001,0.000237740212469
fadK,1.45983940456e-05
borD-ECB_00510,6.41025326331e-06
ylbF,3.3076696127e-05
yebT,5.39432085134e-06
malS-avtA,1.34352776513e-05
glmU,4.67357869959e-27
nlpD,0.000306362228002
ygfM,0.000291670497973
pheS,1.18185901954e-07
ssuB,3.38540053235e-06
arsC,0.000314804521622
ykgA,0.00823624245822
nudE,2.28691374105e-06
intD,0.0240921955556
metK-galP,0.000184213000466
ydcK,0.000863881024998
tar,6.44797864879e-06
acnA,1.53222044901e-05
nrfD,0.000183841708349
yjhI,5.37037303516e-10
cusF,1.03439383281e-07
ypfJ,0.0113659994677
yhiS,6.21216911245e-10
yahJ,0.00906230509281
yciQ,1.36853623189e-05
fepD,4.7551949045e-09
xapB,0.000111117238703
yhfX,0.00124401540961
wecC,0.000169284961885
creD,0.00101964711212
cusB,8.75544992596e-06
yebK,0.00477754091844
IS1,0.000578232808039
waaT,0.000173788881511
mepA,5.87357544646e-06
yehM,5.30687793798e-06
entE,0.00100041239057
puuD,2.93289867841e-05
rsmE,9.12378993689e-07
idi,1.59358005476e-05
focA,4.58615386378e-06
gcvR,1.249139018e-06
cstA,1.92304412394e-08
intA,8.89725997695e-05
ydiY,1.74339515047e-10
puuR,3.769966861e-05
hyfB,5.76578058826e-05
uacT,3.3592203863e-07
rcsB,7.92525440829e-07
yehB,4.5150443384e-09
ybhR,5.17868065799e-05
pheP,2.49337281275e-05
slp,0.00481616379693
mtfA,0.00816530734301
citT,4.17478331656e-05
bioC,1.08132913734e-09
mdtC,1.83012198249e-05
ttdT,4.82681134599e-05
aslA,0.00489397905767
xanQ,5.52475398763e-07
cydD,4.00567523684e-06
mnmG,2.17481938307e-05
hypD,0.000126079990878
ybdG,3.03079013975e-05
pagP,0.00240264507011
nrdA,1.3099121397e-12
ygaM,0.00228834873997
fhuE,3.39167627317e-06
dctR,1.56041710397e-06
yahK,0.00386207737029
sfmA,0.0024266531691
purL,4.92890741555e-08
ydcR,4.59381917608e-05
ECB_00735,8.99126189324e-06
yhhN,2.81414308403e-20
yhaM,2.8179392757e-06
ycaC,0.00021061298321
cobC,5.43860778635e-07
ddpA,0.00039725532406
ydiS,7.73228293838e-06
argZ-argY,3.87353929909e-06
trg,7.59741607733e-13
pka,0.000232970094658
yfiH,0.000299851526506
ybeD,5.18957904205e-06
rimO-bssR,3.13494310831e-05
nrdE,1.51466861098e-06
ydiU,8.61858424628e-08
tdcG,6.15689123151e-06
lepB,2.51607689279e-05
atoE,2.4993387342e-05
ycaN,1.45960439113e-06
ybdF,0.00160527101252
dosP,0.00893257558346
yjhB,5.43392416148e-05
ascB,3.61981219612e-05
hdeB,4.11264554714e-05
ECB_03822,0.00421050284058
mglB,0.000537561427336
mcrB,3.37889787261e-06
wcaK,9.60305555964e-07
lptC,0.000800282577984
ftsA,8.28708948575e-07
ybdJ,5.82997163292e-05
pqqL,0.0072014098987
yphH,0.000280947424471
ygbL,1.95131302609e-12
amiC,3.86873422187e-09
yejH,6.4280307015e-06
bglH,0.00245719589293
kefB,0.000148298451677
yeaE,0.000278157152934
citC,7.20533571439e-05
pgaC,0.00010146425484
flgF,0.00280564301647
ybdK,4.80433227494e-05
iap-ygbF,0.000998546020128
hdeD,4.05631084277e-12
yiaV,0.00292953010648
yqeB,0.0123673845083
metT-asnB,8.94446293387e-06
ybdM,2.25365926577e-19
narY,6.22917359578e-05
gsiA,0.000264530011918
waaH,2.83270946966e-05
alsA,3.27228348987e-18
potE,0.00942820403725
ygcG,1.10136242203e-19
xdhA,6.35153355688e-07
hemE,1.11634326458e-05
mntR,0.00315198907629
rhaA,3.71600691551e-07
yohF,3.93478367187e-05
yidC,5.63180547033e-05
coaE-guaC,1.76714715604e-15
yjiS-yjiT,3.55154099907e-07
serV,0.000268194533419
queF-ygdH,7.81652710788e-22
gadE,1.53562277013e-15
narQ,0.00080209627049
fimE,4.17187891344e-07
sgcX,9.67590403889e-06
dbpA,4.90059828735e-05
yjjI,5.07833719894e-05
fucK,0.000695497205015
hofQ,5.35600122475e-07
ycaI,0.00052384682931
mdtE,6.58093483707e-07
mdh-argR,0.00160768011119
kduD,0.000140121846925
yfgI,4.00943662271e-07
dtpD-ybgI,6.50097499602e-05
citA,3.31380106218e-05
potF,0.000766236218624
yhdE,0.000375698728021
nanM,0.000275043799775
hflD,2.11790302274e-05
galR,1.76338630808e-07
yebS,6.24247040832e-05
ybdH,5.20528828929e-07
speC-yqgA,4.77155808767e-05
gadW,1.21114906992e-09
yrdB,0.000975668779574
torY,3.05069115711e-05
tktA,6.07602851233e-06
yqjG,7.94189020104e-11
dcuR,0.000123576624901
gltD,0.00283533916809
gltT-rrlB,6.09955895925e-06
ybdZ,8.71708095929e-07
ybfO,1.53509488332e-16
ftsN,1.12677293711e-12
yqhC,0.000552843441255
kdgK,2.19865167739e-10
yegE,0.00384443509392
ycaO,1.54175097578e-06
ypjA,0.00294991885312
ispB,0.000255607184954
yjjL,0.000393359892769
yciI-tonB,0.000319160695653
gadB,1.79478523151e-21
citF,4.94003776171e-17
ybgK,9.64290302363e-05
argD,7.66384617201e-23
ldcA,2.85660917143e-05
zupT,4.00701267722e-08
cueO-gcd,0.000476004031952
nei,0.00357949105091
yhbX-leuU,3.69954307189e-07
leuP,5.25306088634e-20
mokC,2.20421907215e-06
yggW,0.000287175615085
ybhQ,2.27724626711e-06
helD,5.08749499179e-22
yhcG,1.49437480112e-20
lysU,4.80713606521e-06
yhjA,0.00200971565209
ECB_00510,0.00396945420653
insJ-2,0.00063265406061
ybiB,1.77977544809e-05
hycC,8.54293193697e-06
selB,0.00283807725646
srlE,3.85233870475e-05
lldP,1.65472756635e-05
recE-XcC,2.04062635021e-05
yjgR,9.99001204036e-05
yjcH,0.000884373730514
insK-2,4.83615476696e-05
ECB_00833,0.00074907054659
fur-fldA,6.33119907434e-06
ydeR,1.89254005818e-05
astC,0.000809404882602
ydfV,1.92298448383e-05
malX,3.8030288124e-05
yhjB,0.00078483048128
ribC,0.000868098402862
ECB_01510,2.98717246607e-20
yghJ-yghK,0.000102641271951
ECB_00851-ybjL,3.72687500203e-05
ompA-sulA,6.85901104589e-05
mutH,1.90603586816e-05
ydfJ,1.24199246443e-07
pabB,0.000843947229441
yjiM,0.00336466752924
yhjC,1.35985219458e-05
ECB_00513,0.000862217042595
insE-3,0.000152285923832
yjeM,1.31465649247e-05
yhdN,2.88149894914e-05
ynfM-asr,0.000155094734509
rsmF,0.00392137793824
yhjD,8.38262421894e-05
ECB_00514,0.00439008278772
insF-3,2.67806626653e-06
putP,0.000242666501435
yhhX,0.00198349449784
gspC,1.16780811368e-05
glpD,6.15509954116e-09
plsB,0.000756956054829
hchA,6.7477031962e-07
yieL,0.000947313965298
yhjE,0.00150809180923
ycdN,0.000364825100405
ytfQ,0.000209312333027
yeeR,1.79327071237e-05
ybiR,0.0160804893821
bcsE,0.000104708400613
yhjG,0.000385511579225
ydcA,0.00313798617572
gnsB,0.000964929524343
aroG,1.10668236175e-06
pyrD,3.08127619064e-06
gmd,2.58160685007e-06
yhjH,0.00050387828378
hokB,0.0103359585628
ynfN,5.14457951795e-06
efeB,4.29544852523e-05
aroG-gpmA,0.000639077858068
entS,1.54003689801e-08
accC,0.00253503280692
qseC,1.44553835568e-09
uidA,6.29834248684e-05
yidA,0.000689709151629
mokB,3.19507453241e-05
ECB_01516,4.11973087466e-05
ECB_02818,0.000110962435429
ycbL,6.34764955976e-06
galT,6.63489190629e-05
yhjJ,1.63297613653e-07
cspG,0.00693796109408
pgaD,5.5232878367e-05
dctA,0.00194969167933
yhhA,0.00781868491322
cysB,3.7549471017e-06
gldA,7.29180192138e-06
ybjS,0.000774567946792
rrrQ,3.95565693907e-05
livJ,2.4666360332e-05
iraM-ycgX,0.000121999852126
wzxE,3.09164133796e-05
yebK-pykA,0.000901745690499
hemX,0.00490807835013
ydfR,2.696582726e-07
agp,0.000452697189758
ybeM,3.29431277351e-05
xerC,1.44005798575e-05
essQ,1.06668662792e-09
lysU-yjdL,1.97948957066e-05
rutG,2.106850161e-06
sgcA,8.3088852465e-10
yfdE,1.07269106593e-05
ECB_01522,0.001762553351
dfp,5.70273368794e-06
yjhR,2.33595437749e-06
yegR-yegS,1.70935654751e-05
macA,8.82241365616e-05
yigG-rarD,0.00282345968299
bcsA,1.16741616374e-11
ECB_01523,0.00013002785272
hscC,2.08124438359e-05
cytR,0.000255216582445
bcsQ,6.0636135002e-10
yicL,0.00121918460354
yhfT,1.05722204324e-08
yhgF,0.000144398320117
macB,0.000271666183835
frwA,0.00304297637194
yhjR,3.00885149045e-05
cpsB,0.00367260514759
ECB_00515,0.000115550414193
insH-8-narP,0.000157375776325
pcm,9.52409318415e-05
ynjC,9.43921986618e-05
thiE,0.00102886499371
insB-14,1.35322086869e-09
ECB_00516,7.31527834432e-05
ssuD,5.45608554603e-06
ECB_03714,6.9236230047e-05
argC,2.82459018308e-06
napB,0.000461885792902
bcsF,2.51472065393e-10
insA-14,5.11289517397e-14
ECB_00517,3.55533347829e-06
aceA,0.000286636466626
typA-yihL,0.000175528199179
glyV-glyX,1.65298956745e-06
wbbH,1.31688837612e-09
ldrD,9.72071575234e-06
yhhL,0.00137541803997
ycaK,4.2422523272e-09
insD-yjgZ,8.13896349428e-06
rmuC,1.45094212201e-08
wzy,7.23214100162e-07
ghrA,8.3509417891e-05
dtpD,0.00187655957416
ydjX,0.000211116028368
kptA,1.89997695088e-06
fecA,5.85136876907e-06
yhjV,3.95236129407e-05
wbbB,0.00581063050777
ycdZ,0.000185532073374
phnD,0.000151414540596
alaA,0.000488303776365
gapA,1.66212284967e-05
wbbA,1.1742843526e-05
puuE,2.14377105294e-05
ygdD,2.30135301535e-05
bglA,5.27349054554e-16
vioB,2.30191510298e-09
insE-4,2.01121747523e-05
yfcD-yfcE,6.59405441183e-06
dppC,3.20639810525e-06
vioA,0.00104009697679
insF-4,3.09454953822e-05
yecT,3.45354746969e-05
alsK,0.00266566360369
dppB,1.41465276219e-18
wzxB,0.000333568663336
ECB_01526,7.47340436646e-06
ECB_00524,6.31568254903e-05
rnk,0.000395975715946
dppA,4.68824418931e-06
flhB,7.05439451849e-05
cvpA,2.20621268454e-06
yggN,6.58873090703e-15
dmlA,4.23803214744e-08
rfbC,0.00367091828957
eptA,1.65756246133e-05
leuE,1.42139782611e-07
araH,0.000714761903509
fklB-cycA,8.12329089968e-05
frc,0.00354460626841
torA,0.000706712307874
smf,3.37047111998e-07
ECB_00526,0.000183271666174
yeeA,0.000627413159236
ECB_00527,0.000200795009732
insL-3,9.81265402515e-05
yidX,5.11414953053e-07
ycgV-ychF,9.81400830824e-07
pepB,8.93996093509e-06
sufB,0.000197660527192
yhjX,5.60681255592e-05
ECB_00528,0.00321779632941
sufC,0.000535766477697
hcaT,0.000138212300953
yhjY,0.000434655958088
ECB_00529,1.38628152513e-07
modA,0.000172964122612
yecA,1.59777082445e-05
yebQ,0.000283065804979
ymgE,3.10041059493e-07
wcaM,0.00225124857388
ECB_00530,0.00281868432648
XiA,1.08178373921e-05
garR,1.96039264076e-16
purT,0.00107981823385
yiaC,0.000587780203205
ccrB,0.00196607457474
wcaL,1.38004588734e-05
uspG,1.55403249664e-05
ydcI-ydcJ,9.40411393202e-09
yedD,2.37934091274e-05
ydhB,5.91737936428e-10
flhC,5.14313356348e-08
bisC,1.69141057995e-05
yeaY,0.0082741798833
baeR,5.95090432398e-06
yeaV,3.2561700209e-05
cysN,1.75336375844e-20
dam,2.96091166092e-05
cheY,1.43370459285e-19
yfbK,1.23780100956e-16
yfiF,1.91700382803e-32
cutC,3.76954994863e-06
ydfI-ydfK,1.01205960163e-05
yiaD,1.24280949976e-08
wzxC,0.000543950882275
narW,2.57737610809e-05
nlpC,5.63374760532e-06
asnT-yeeJ,2.62286874886e-07
ghrB,0.000168306884007
wcaJ,0.0114677539095
ddpC,0.000382350786822
yciM,9.17581311278e-24
yoaB,1.68217646062e-22
intF,6.11125578871e-05
yejK,3.54599217789e-18
ydjJ,1.02139161129e-07
ydiM,6.21234619302e-07
yiaF,3.88795433537e-06
ybeR,7.24025594536e-05
yneK,0.000158373833983
aXE-kduD,5.50785807718e-06
ftsY,7.2539471148e-05
leuX-insC,0.000257177540334
puuP-ycjK,6.50231084254e-12
yghU-hybG,8.64012981765e-05
asnB-nagD,4.12929104243e-08
citX,0.000629233953077
ydeI,2.29455072258e-05
ptrB,1.46746479004e-05
opgC,0.00140519160777
ttdA,1.72114837937e-07
hokA,0.0124434875324
ECB_01906,2.21230359556e-20
mdtG,0.000442817021394
ybgI,0.000798772613052
citE,1.56582672162e-07
yghG,2.00735917133e-06
ompA,0.00161575200036
ydcL,8.45533243421e-09
citD,3.6983496102e-05
yeiW,0.00050080154324
yhbU,0.00021644847584
sfmC-fimD,0.000856105354615
recG,6.37980120439e-17
apbE,0.000254736456554
dkgA-yqhG,8.58168913709e-09
tdh,0.000166930462001
ydgK,4.93424008249e-12
insB-9,6.71845600664e-06
ynjE,1.53977889568e-05
mdtA,5.73185445774e-07
baeS,3.11574003717e-05
ydiB,0.000590660027228
insJ-1,2.58059486669e-07
ydhY,8.82787571754e-05
insA-9,1.22120979995e-06
mipA-yeaG,4.0798986447e-05
ltaE,2.58397176367e-05
alaC,0.00197835778818
yegZ,4.96605207445e-05
insK-1,1.44364423704e-06
yebZ,1.84994896699e-05
ECB_01994,1.13849118861e-05
ECB_01989,7.81629714766e-05
insB-7,6.37856937828e-05
yobB,1.84700579951e-18
aer,2.47165171459e-05
ycjO,0.003196652513
ECB_01990,0.000181925628567
srlD,0.000317959842505
insA-7,9.55494579102e-06
rhtC,0.000308197864797
yiaA,0.00188468955457
ECB_01991,0.00287852878682
metR,9.98369723675e-05
dhaR,4.7975009764e-17
elfG,2.38302636717e-05
opgD,2.01290868063e-06
dsdX,0.000632716168184
muX,0.000185076554772
yfhM,2.34181896097e-10
xylB,0.00197202689014
gltA-sdhC,0.00420177681372
ECB_01993,0.000365348736523
srlQ,4.29044621342e-06
yehW,0.000674695067573
kdsD,1.6078326448e-09
tehA,0.00150224682875
nrdB,1.1387507584e-05
norR,8.25701208669e-05
mdtB,0.00070628040703
mglA,0.000169071383425
mtgA,8.15019957372e-05
acs,0.0047325855121
ECB_01995,0.000136934337206
cirA-lysP,3.63135695807e-05
alsR-rpiB,4.00265844291e-06
yhbX,0.00810073874891
mdtD,0.000195114844246
yeiE,0.000381827354431
yhbY,1.09095969947e-06
ECB_01997,9.62203339441e-05
fdnG,6.20296705165e-05
ascF,1.70901748788e-05
cysG-yhfL,3.77828155251e-06
menI,4.39853247372e-05
ECB_01998,5.32123932591e-13
ccmF,8.92959087651e-06
ygbK,5.70628071728e-06
rlmG,0.000421313132392
btuE,1.38356435855e-05
ydiP-ydiQ,4.40375770268e-05
bax,4.95814492751e-05
ascG,0.00106187781785
yegP,9.53451526584e-05
ECB_02000,4.0902497858e-05
nikC,0.000185103926924
avtA,0.00143096863758
nikR,0.00599911017343
yjjV,0.000115559552796
ysaA,0.000554395315703
tcdA,0.0031477175653
ada,0.000281322922092
ilvD,4.13874311342e-13
yiaJ,3.83065455702e-17
ydiH,2.1753042672e-22
yfcF,3.7433419493e-05
uspA-dtpB,0.00121263752226
ECB_02004,6.05349537858e-12
dedD,2.14372594201e-05
gshA,1.50071191456e-05
yiaL,0.000462430994958
ECB_02005,5.08873550733e-15
flk,6.03078406129e-05
ydhK,0.000122830373584
ECB_02006,3.35748708835e-08
yeeP,3.2045700209e-06
waaY,4.25618679856e-07
yoaE,3.41823906638e-05
yeeS,0.000248542230111
ECB_02007,7.12545224815e-05
hycD,2.03802164833e-06
yfcO,5.4146948969e-06
murP,2.35660081671e-05
ygcQ,4.75639317301e-05
xanP,6.85020640958e-05
lyxK,0.000240469002165
ECB_02009,0.00121916900389
ECB_02802,9.33233513933e-06
ECB_02010,0.000228037853958
hycA,7.96392123448e-05
yafZ,8.55175841252e-08
ydiN,7.68208883528e-06
yigG,1.17018153105e-05
ypfG,2.18812092189e-22
ECB_02011,0.00056846102234
eutK,3.33678508468e-06
rXA,4.86518774778e-06
ppdB,7.9511795775e-05
sgbE,3.29270442023e-08
ECB_02012,0.00860786624253
chbF-celD,2.09849767998e-05
yeeT,0.000153119806782
lamB-malM,1.09394168248e-05
ygcR,0.000146164558828
nrfA,5.36530797035e-06
cbtA,0.000509413541295
ydiP,6.96699717082e-05
ygcS,0.00133231515065
cheZ,3.45676307916e-05
fecB,5.3825510804e-07
yeaW,3.63535509678e-05
speG,0.000230223144172
yeeW,0.00341969798319
ftnB,5.1318151236e-05
fecR,4.05361106459e-06
glcB,2.65097631347e-11
ECB_02810,0.00354539137334
uxuA,0.000324591790559
ynfH,0.000497566477861
yfjM-rnlA,0.000796715554316
ECB_02811,2.72516731403e-10
yjiR,5.13115446665e-05
pphB,0.000244742608629
ECB_02812,5.3910229326e-05
csiD,2.85918449663e-05
yehR,3.89519714589e-24
yqcE,2.71265170641e-19
yfjR,1.43833119637e-07
ECB_02813,0.000732588465326
mlrA,3.32851595886e-05
kefF,6.88389118295e-05
gudP,9.16753529238e-21
ECB_02814,5.38279721241e-07
qmcA,4.34433741248e-06
chbR,6.08700491677e-15
ECB_02815,3.27759607899e-06
ppsR,2.55865779764e-06
ybcJ,5.95422591232e-07
zwf,1.74510015813e-12
agaC,5.02756374772e-05
mepM,7.87074368774e-22
ydjF,2.3649286959e-05
prfB,7.8296798165e-05
yebC,1.48708115157e-17
yeaD,2.18806890189e-05
livH,8.88388113074e-11
ygjK,6.89452790539e-05
yeaK,9.5445131592e-05
ybeX,6.63705404403e-18
ECB_02838,1.64684389817e-20
plsC,7.49187563542e-07
kbaZ,2.56757721218e-06
ECB_02817,1.07769862788e-25
glcF,9.66235238593e-05
yfaS,0.000101121840999
gspD,0.000149265426444
trkA,5.14461862622e-05
yghU,7.44896366811e-09
frlR,0.00189088541083
uvrY,7.37422305974e-05
pabA,6.04858687439e-05
ECB_02819,3.03418528347e-05
yeeT-yeeU,9.64774608292e-06
ybgF,5.4623647884e-05
ECB_02820,1.46352213051e-05
symE,8.68413990247e-05
arnE,8.91056970431e-06
leuO,2.54470098326e-08
acpT,7.60044395065e-06
hsdS,0.000120572352898
uhpT,1.27104640342e-05
ECB_02822,0.000117716197565
ECB_02851,2.3410666472e-05
ycaD,0.000138217175845
insB-22,2.04756879943e-20
yqiK-rfaE,1.35525615406e-05
dacD,7.51391416998e-05
dgoD,0.00227361964062
tusD,9.49872537603e-06
insA-22,4.78714623644e-20
yhfS,8.64371486387e-06
ECB_02825,0.00011273479322
ygjH,0.000124258644064
yifB,0.00071117002517
trmH,8.62196466187e-05
ECB_02826,4.36513722946e-08
yibL,4.17231931351e-05
waaG,0.00106341508217
ECB_02827,8.19928682176e-05
acrF,2.35387346947e-06
secB,0.000933790579438
yiiE,1.7080684529e-06
ECB_02828,4.09223594033e-06
insI,4.32203215439e-08
yghD,5.13736473349e-21
yghE,4.01719989895e-05
exuT,0.000153769142344
ECB_02831,3.16547411785e-05
hyfR,0.000115427726996
yhfG,0.00171619292814
ECB_02833,1.09904394613e-11
yddG,7.71471386543e-05
sfmC,4.58610111309e-06
ECB_02834,7.43836039874e-07
nuoJ,4.98134322697e-05
yjjG-prfC,0.000749632134102
ECB_02835,8.19712076918e-05
gntR,7.37036389182e-05
degQ,4.00505887228e-05
eutC,3.43621166212e-18
ECB_02836,0.00030425368459
yhdY,1.37274037115e-06
yejE,4.47789579994e-06
thiH,3.19108448821e-06
pheA,6.23578889645e-05
ygaU,2.78383267869e-05
purH,1.18470470625e-05
mtr,2.60217191283e-19
malE,0.00111010565888
acrD,1.67320140463e-05
aidB,0.000113095818961
ECB_03460,0.000470441271318
hcaR,0.000829420867376
cysD-iap,0.0010989519069
glpC,0.000269602751359
basS,8.12294432022e-14
yjhQ,0.000612946751062
psd,3.8290716084e-12
queD,1.89589695765e-06
gspA,2.86576076984e-22
uxuR,2.68379335466e-06
adiA,0.00268231960945
dcuS,0.00052669364959
bglG,0.00336881470867
glvG,0.00134914449882
lplT,0.00348677276634
ubiH,2.90662792395e-05
grpE,7.78719875584e-14
ves,0.000136248854687
accD,1.68503993336e-05
sgcR,0.000199875823455
astE,1.03089023469e-05
rffG,4.69718215754e-05
sgcE,0.00070290552685
gcvH-gcvT,1.53434140393e-10
topB,8.26740233606e-07
ygfI,1.75993263232e-18
panF,4.61256349809e-05
astD,0.000729843392037
sgcQ,5.95006094954e-05
sgcC,3.63968304384e-08
sgcB,1.85243097803e-05
yhfK,3.74073601961e-06
truC,0.00661616027355
rtcR,3.76915341377e-16
fimB,6.90337619744e-05
ECB_04174,2.14913189467e-08
glcD,1.52442135004e-06
yecR,1.74506965721e-20
ECB_02855,3.16313562507e-05
fimI,7.07813660483e-06
nanS,2.623697128e-06
ugpQ,0.000655774783809
ugpC,2.4530763767e-06
yjbB,2.79028267869e-06
ugpE,0.00152311101556
lysC-pgi,1.00192710306e-06
insB-27,2.6383821023e-05
malE-malK,1.71284041287e-18
ugpB,6.08527950252e-10
phnI,0.00147493206896
insA-27,3.41900486092e-05
yhhT,9.90414832813e-07
gntP,2.15240902435e-06
livF,6.17616422005e-07
livG,1.30564176288e-05
nikA,4.24172503699e-05
livM,0.000829065218568
nikB,0.000243876565946
yrbG,0.00210407958366
cca,3.42580619872e-06
fumB,4.35724323324e-05
yjiC,0.00105580536183
livK,4.00204811513e-07
iraD,1.54392850504e-07
panM,6.12189069216e-06
nikE,3.39262200555e-08
yihG,7.04005333318e-06
hypT,0.00312143401243
tdcG-tdcF,6.45700936275e-07
ygcE,8.48996781768e-23
iadA,0.000113037494884
yjiG,0.000411208427977
yjiH,4.89841056606e-07
rbfA-infB,4.87197576149e-06
hpf,2.79329424302e-06
ydjH,1.68012666109e-05
yhcC,9.28471763473e-06
yjjP,6.59392389935e-05
yjiL,0.000235437561059
yhhM,2.68936553027e-08
idnT-idnO,1.06965198938e-05
rplE,5.27865395838e-08
ECB_04148,5.32652193215e-05
ulaA,1.21950979215e-21
rplN,0.00035257320269
elbB,2.27544892777e-16
yhhQ,2.79886226053e-05
insA-28,1.49023095382e-27
dcrB,1.72613908944e-05
opgB,1.25260413597e-07
tusC,0.000329443719238
insB-28,0.000641824910417
yhhS,3.75091713067e-06
rrfD,4.50981533504e-05
ttdR,2.75396832876e-05
fic,0.000170471786987
nirB,5.88180409977e-06
nanK,3.67499819731e-06
frlB,3.94519520341e-05
gph,0.00039052250213
dcuD,7.52714351352e-13
rpe,1.71389110619e-05
damX,0.000687146792188
yhjQ,0.00110351853073
mrcA,4.96940119774e-05
degS,3.28304560078e-20
yhgE,0.000150565247168
yhiKL,2.18956155709e-18
ligB,5.41568454082e-07
rplR,2.49748754868e-05
gspL,1.98468769668e-05
yhfA,0.0013641086407
frlA,2.76145692624e-06
yhgA,0.00048955186503
nfuA,0.00249965442345
kdgK-yhjJ,7.9124771446e-07
yidJ,7.02303536507e-12
yibQ,0.00152635318227
asd,6.99326463405e-09
hdeA,8.31224383546e-07
yhgN,2.2549802452e-06
gntU,0.00043167284457
znuC,2.58140062215e-05
frvA,1.78979043994e-05
gadX,0.000193535670405
coaA,1.84976045148e-07
amn,3.9992288341e-21
yjeH-groES,0.000141876647831
yjdP,0.000176545538125
frdA,8.27219846542e-05
hflC,2.84016663847e-20
mpl,7.95262124112e-15
tsaC,0.000873680633958
smg,2.59329840446e-06
yjtD,0.000644267129246
creC,0.00186361547094
gapC,0.000172240310349
insA-12,3.52798194304e-13
insB-12,2.04849925467e-06
cybB,3.97164654942e-07
ilvA,3.17457327632e-17
ftnA,0.000287735223537
fkpA,0.000363390659913
trmA,2.36395550246e-07
waaL,0.000204138515983
setC,0.000489777012262
hslO,0.000216996690142
purE,5.66922665257e-07
ECB_03279,0.000135025722557
aslB,6.67808308652e-10
yigF,3.18910055311e-18
rarD,0.000150037565618
cspA,0.000117636627692
phnK,1.3767753444e-05
dcuB,0.000127627790789
epmB,0.0011361365905
alsR,8.12331345514e-05
rpiB,1.89443323961e-06
phnP,2.536228385e-05
phnO,4.36508307757e-05
phnN,8.46077781848e-22
phnM,5.37641644769e-05
yjfC,8.05236849422e-11
phnL,0.00231074797921
phnJ,1.24999788298e-09
phnH,4.30440877608e-06
phnG,1.70932871697e-05
phnF,1.4834421876e-19
phnE,1.27969042296e-05
yjdN,2.54225815297e-05
yjdM,2.89218116123e-09
crfC,2.81556713162e-05
yjcZ,1.91679509953e-06
basR,0.000142665230669
melR,8.08004017472e-07
melB,4.47009369964e-05
yjdF,4.97479746286e-09
yjdI,9.26229913603e-05
yjdJ,4.48846458312e-06
yjdK,7.92597857071e-05
fis,6.11356954323e-05
icd,0.00018093457038
acrR,0.000174749991857
ompF,0.00301562738605
rsxD,0.0013319052523
potD,7.21840418859e-17
gyrA,8.83197644725e-05
folA,0.0239823963493
fusA,0.0058376993984
rpoC,0.000122783181723
ylbE,0.00185300654266
envZ,0.000868596951477
ftsI,0.015042883344
ompR,0.00311913643964
potA,0.0343226268888
gyrB,0.000129077379825
marR,0.0128382453695
cyoB,0.0323522053659
mprA,3.62963946827e-05
atpA,2.20111223825e-06
holE,0.00454297708347
soxR,0.00146193872206
ygbT,0.000194403808564
trkH,5.23058207857e-10
fucI,0.00336653087288
folM,0.000859605497681
frdD,0.000264022528427
ompC,8.08839887428e-12
rpsL,0.00359236984514
motB,0.000291011383524
mlaA,2.56632210949e-05
rplD,0.00108006724622
cpxA,0.00209789350629
atpG,0.000199573609279
ydgC,2.21817826969e-05
rhsB,0.00162265019026
insL1,0.00158539437689
dusB,0.00085420353571
rpoA,0.000285966088995
citG,0.0186039935797
nfsA,0.00707567436621
sseA,3.13503036864e-08
yhiJ,9.39564096962e-15
yhdP,0.0185334198177
ynfE,0.000385975115933
cydA,0.000149856117787
yggP,8.39505355543e-06
ychO,0.00370061188005
yiaO,0.000101438614365
rpsE,0.00155238714069
folP,0.000309599097818
rplV,0.000321534636896
rplB,2.62946538855e-17
