NO.,x,gene
1,0.088723477,ybcS
2,0.232074427,proV
3,0.011217216,acrA
4,0.023612292,evgS
5,0.001458489,topA
6,0.006619223,mrdA
7,0.001891416,araJ
8,0.007244512,pcnB
9,0.012216405,thrA
10,0.001842196,gyrA
11,0.001049848,mrdB
12,0.001133477,mokC.nhaA
13,0.001317398,yaaH
14,0.001128476,ybaL
15,0.001670135,cls
16,0.00096353,murE
17,0.001202463,ompF.asnS
18,0.002717898,ftsW
19,0.00160088,dgt
20,0.002129522,secF
21,0.000880163,ECB_00212
22,0.004341659,cyoA.ampG
23,0.000972528,lon.hupB
24,0.000925316,mraZ
25,0.002530709,yahA
26,0.001136746,fsr
27,0.000971705,frmB
28,0.001738809,ylaB
29,0.003150946,nagD
30,0.002425114,tig
31,0.000991654,sbcC
32,0.003525823,ykgE
33,0.003563932,yahG
34,0.000840445,polB
35,0.002655054,kefC
36,0.000858472,pdhR
37,0.001235506,gltL
38,0.001299838,dnaK
39,0.00380412,hfq
40,0.009837844,menD
41,0.000986168,dnaJ
42,0.002210824,lpxC
43,0.007691315,hepA
44,0.001039146,sgrR
45,0.000954192,insL.1
46,0.008375766,spoT
47,0.003202008,yfbV.ackA
48,0.000760951,ydcD
49,0.001126696,mokB.trg
50,0.009000202,rlmL
51,0.0018529,glpK
52,0.011521613,rpoS
53,0.00377107,mdtG.lpxL
54,0.002175737,mglO
55,0.010352176,rpoA
56,0.002533721,proX
57,0.001730635,COG0428
58,0.003162895,miaA.hfq
59,0.005161656,lpxM
60,0.006010673,yecC
61,0.002689495,mglD
62,0.005816646,can.yadG
63,0.002387168,ycaQ
64,0.000412838,csgD.csgB
65,0.000849702,xapA
66,0.001301342,yciW
67,0.004292126,araA
68,0.006543009,acrB
69,0.00339252,groL
70,0.002559379,plsX
71,0.007612389,fucO
72,0.007376156,yoaA
73,0.009366298,hflK
74,0.001046821,aroA.ycaL
75,0.001573268,ycdR
76,0.009119733,uvrB
77,0.004601415,nuoF
78,0.011200477,gatZ
79,0.005834699,srlR
80,0.006960876,arcA
81,0.006414548,yffN
82,0.006776396,gatC
83,0.003663288,ydaV
84,0.003276161,garK
85,0.927642921,rpoB
86,0.005556805,udhA
87,0.001860788,marR
88,0.004184328,acrR
89,0.002234492,fis
90,0.003189385,manY
91,0.00312929,kefC.folA
92,0.006696135,polA
93,0.007315737,pyrE.rph
94,0.006872215,kdpD
95,0.007698956,flu
96,0.000896832,adiY
97,0.006638616,rpoC
98,0.0007633,cbpA
99,0.002193064,lpxC.secM
100,0.282364561,pykF
101,0.000750581,rne
102,0.00169875,ahpC
103,0.003446836,clpX.lon
104,0.004450734,fusA
105,0.001731404,potD
106,0.021589662,rph
107,0.000832257,rplDÿ
108,0.000996919,rplBÿ
109,0.001183443,acrBÿ
110,0.001580531,ylbEÿ
111,0.000982137,fisÿ
112,0.000966315,folMÿ
113,0.001282909,acrRÿ
114,0.001884922,ompF
115,0.000774977,ompFÿ
116,0.006712278,pgaA
117,0.001251297,mprAÿ
118,0.008563488,gyrAÿ
119,0.001538193,ftsIÿ
120,0.0019815,ompRÿ
121,0.008556198,yaaJ
122,0.000244695,folAÿ
123,0.001728341,fusAÿ
124,0.001202046,envZÿ
125,0.000801254,rpsEÿ
126,0.000975281,cyoAÿ
127,0.00833248,dcp
128,0.007899211,ylbE
129,0.001183926,trkH
130,0.001939596,atpD
131,0.000947978,eutB
132,0.001062763,atpG
133,0.003783863,argS
134,0.000980971,arnC
135,0.000807064,nhaR
136,0.00109141,ppsA
137,0.002049722,crp
138,0.003141854,relA
139,0.001380005,nusA
140,0.000595093,rho
141,0.00533103,argR
142,0.486735557,entD
143,0.000606772,glpR
144,0.000820462,ydhA
145,0.001046155,ECB_02832
146,0.007832695,ycdT
147,0.001187678,dacA
148,0.003787798,yddB
149,0.002676043,yneE
150,0.00548335,fabF
151,0.003732269,proQ
152,0.003052216,envZ
153,0.002127858,acnB
154,0.00799678,ybjG.mdfA
155,0.001567001,yeeP.isrC
156,0.00084512,ydeE
157,0.00211684,ftsI
158,0.004368219,rob
159,0.001769685,xdhB
160,0.001351972,mlaD
161,0.001502697,rbsK
162,0.001597656,parC
163,0.001425092,hydN
164,0.005217909,ompR
165,0.002537003,ccmH
166,0.005130814,cpxR
167,0.002954832,ypjC
168,0.003455653,yegQ
169,0.002909186,tufB
170,0.000855348,gtrS
171,0.000991966,pgsA
172,0.009124164,phoQ
173,0.095586806,ynfL
174,0.000546806,nagC
175,0.001241773,yedW.yedX
176,0.002166942,rbsA
177,0.001155305,ldrC
178,0.000954486,yabN
179,0.001015932,ykgK.ykgL
180,0.00103388,yaaH.yaaW
181,0.000951043,ECB_01992
182,0.000791703,mdoG
183,0.001902291,mreC
184,0.000875445,sbmA
185,0.000902762,ECB_00825
186,0.00206822,tesB.ybaY
187,0.001524307,cpsG
188,0.001173049,aroP.pdhR
189,0.001824181,rssB
190,0.000822993,ybhI
191,0.00147116,rluB
192,0.000992409,dnaX
193,0.002741528,ylbH
194,0.000833693,sucB
195,0.00159903,rpsA
196,0.00088152,ybhJ
197,0.003653962,yccE
198,0.001752451,gabD
199,0.000428276,rbs
200,0.004404204,ynjD
201,0.01294134,yceA
202,0.001157055,ycfH.ptsG
203,0.000828154,rna
204,0.003026098,galS
205,0.012613382,ptsP
206,0.002379061,rssA.rssB
207,0.002392957,yejM
208,0.002096462,slyD
209,0.001559432,fnr.insH
210,0.002176602,mfd
211,0.00271245,metL
212,0.001105673,gyrB
213,0.002644194,secA
214,0.001784706,hybB
215,0.004125242,mdh
216,0.008427626,hrpA
217,0.001700806,prpR
218,0.002757171,aroP
219,0.000792448,ybeB
220,0.001179787,ymdC
221,0.001644623,ynjI
222,0.005728554,dcuB.dcuR
223,0.007931625,focA.ycaO
224,0.003960748,gatA
225,0.003139608,gatY.fbaB
226,0.004612794,pntB
227,0.003734057,fruK
228,0.002139698,isrC
229,0.002800728,cmr
230,0.00347066,yedX
231,0.006097299,pgaB
232,0.004346534,yfgF
233,0.011365105,hns.tdk
234,0.004290404,yfbM
235,0.003022675,dgsA
236,0.002873754,fucI
237,0.000935935,ftsX
238,0.000857994,msbA
239,0.00082975,mhpB
240,0.004259698,wzzE
241,0.002946655,ogrK
242,0.001350578,nudE.yrfF
243,0.003588955,potA
244,0.002330875,wzc
245,0.000840498,folPÿ
246,0.000810759,marRÿ
247,0.001336232,envR
248,0.003988893,ydgI
249,0.001176928,insK.glyS
250,0.001136746,yaiT
251,0.000833655,rpsLÿ
252,0.002666715,arcB
253,0.000717135,ispF
254,0.000849332,cyoB
255,0.001175856,fliC
256,0.001032208,cpxA
257,0.000730138,hemA
258,0.001124919,ispA
259,0.007806505,thiQ
260,0.009095155,cyaA
261,0.001209682,kdtA
262,0.001829687,pdxB
263,0.001614241,acpP
264,0.001941128,feoA
265,0.000907398,flhD
266,0.007075017,lldR
267,0.005050391,nadR
268,0.005617799,ilvB
269,0.005349778,purF
270,0.044780253,pitA
271,0.001687212,yifN.ppiC
272,0.001031128,alaS
273,0.002083525,ycjF
274,0.001728059,soxR
275,0.006780973,ycbZ
276,0.001375006,yjjK
277,0.00114182,dcd
278,0.000831052,yfiE
279,0.002495297,rplF
280,0.004204064,rpoD
281,0.001386652,rimK.ybjN
282,0.002147521,mprA
283,0.001292203,nfsB
284,0.001336656,ybhF
285,0.001174273,emrB
286,0.000903785,ybbA
287,0.000907831,tsf
288,0.001676894,atpA
289,0.010016233,marC
290,0.083091474,yjjM
291,0.000729435,insL.lon
292,0.001436579,ybcQ
293,0.000856532,insL.2.lon
294,0.000853403,setA
295,0.000865779,insB.1
296,0.001792195,ECB_01996
297,0.000814758,pflA.pflB
298,0.001131973,ybiW
299,0.0008964,ynjA
300,0.000850022,ogrK.ECB_02013
301,0.001474701,entF
302,0.000878672,thrS
303,0.001198912,ECB_01513.ECB_01523
304,0.000887055,gspF
305,0.431195305,hokE
306,0.006623318,pta
307,0.000877613,ECB_00736.ECB_00737
308,0.000761134,nth.ydgR
309,0.001623799,puuP
310,0.001632861,hyfG
311,0.000890838,ydcU
312,0.000883287,ybeA
313,0.000802287,ybjE
314,0.000896846,ECB_01413
315,0.002213686,ydiJ
316,0.000727356,murD
317,0.00238884,valS
318,0.00196782,bamA
319,0.004036693,cusA
320,0.001350666,proA
321,0.007348396,yagR
322,0.001052554,ptsG
323,0.001498421,ytfT
324,0.000835662,serB
325,0.001766074,dapF
326,0.00297097,sapB
327,0.005237483,malT
328,0.001850052,fhlA
329,0.001678705,holE
330,0.001610683,frvB
331,0.002971867,yfgO
332,0.00515807,rrlD
333,0.000373262,tpx
334,0.001133981,atoS
335,0.0223196,pntA
336,0.005666773,ispU
337,0.001998076,htrE
338,0.007194422,corA
339,0.005541894,ygeW
340,0.006291909,prpE.codB
341,0.002549884,gcd
342,0.007410879,ygiC
343,0.018706984,ycaL
344,0.000805877,treA
345,0.000761543,spr
346,0.00053459,ygaH.mprA
347,0.042056345,yiaW
348,0.001275551,yhdJ
349,0.001351047,trkHÿ
350,0.004462934,clcB
351,0.00200071,folM
352,0.005203632,pepT
353,0.001576351,yaiV
354,0.100621435,eptB
355,0.008988063,iscR
356,0.029854296,fimD
357,0.00088924,hybF
358,0.001113364,leuS
359,0.0022234,mdtO
360,0.001569526,gntK
361,0.008532557,ykfH
362,0.00487679,bglJ
363,0.001947631,nadB
364,0.007177466,ilvG_1
365,0.001268474,ydjO
366,0.001710678,infC
367,0.1896659,fepA.fes
368,0.004259028,mreB
369,0.001109808,metA.aceB
370,0.002577035,pyrB
371,0.001536353,ompC
372,0.001466359,rhlB
373,0.00208947,narG
374,0.000670186,rpsL
375,0.00092681,yaeH
376,0.001233121,yffS
377,0.002122091,yabP
378,0.002063185,parE
379,0.001123489,kbaY
380,0.000968797,ygbE
381,0.001523895,carB
382,0.001693552,yghA
383,0.039997325,rhsB
384,0.000900388,yegI
385,0.001016307,yghJ
386,0.00212157,fadE
387,0.001158995,leuA
388,0.001476524,tilS.rof
389,0.000898243,motB
390,0.000796916,vacJ
391,0.001124001,gltI
392,0.003832213,ycbS
393,0.001379468,glgP
394,0.00337781,yehU
395,0.001593257,pitB
396,0.000836347,kpsD
397,0.00080171,yeeN.asnW
398,0.001830166,aspC.ompF
399,0.002390502,pck
400,0.001504285,ECB_02798
401,0.001123913,wbbD
402,0.001809665,ECB_02821
403,0.000906483,flhA
404,0.006704787,manZ
405,0.000855695,ydgR
406,0.004542924,ydbD
407,0.000812977,yfhK
408,0.00181604,yigE.corA
409,0.000854775,acrD.yffB
410,0.000669292,dnaG.rpoD
411,0.000594921,infB
412,0.007390697,ydeJ
413,0.002119842,ECB_02003
414,0.009858732,yeeJ
415,0.001692731,ppk
416,0.000851295,ansP.yncG
417,0.000809497,yneH
418,0.002566165,ybbP
419,0.001457063,aroL
420,0.004731826,ftsK
421,0.001714841,eutA
422,0.00356195,ihfA
423,0.002174495,fepE
424,0.005279925,ravA
425,0.000591505,iscU
426,0.000729675,oxyR
427,0.000414023,fabR
428,0.001021189,ygbM
429,0.008919584,ynaI
430,0.010160347,rep
431,0.00602259,bipA
432,0.005740937,rplD
433,0.00153782,ydeK
434,0.001544554,yfjL.yfjM
435,0.002397138,ygaZ
436,0.001125144,matA.ykgL
437,0.004701613,yeeL_2
438,0.006376692,waaK
439,0.003862064,psaA
440,0.001251954,typA
441,0.001717427,iap
442,0.001319264,putA
443,0.000725741,rpsJ
444,0.00267047,mppA
445,0.000793468,rlmE
446,0.001151993,yejM.proL
447,0.003651631,aldA
448,0.000719626,barA
449,0.00404542,atpB
450,0.00079356,ydgC
451,0.003133978,nmpC
452,0.009270664,ampH
453,0.01031179,narZ
454,0.004251177,yjjA
455,0.001478382,kgtP
456,0.000816279,purE.lpxH
457,0.005799935,csdA
458,0.001694843,opgH
459,0.001097967,dacB
460,0.001129006,rapA
461,0.001719022,arpB
462,0.002624566,rpsF
463,0.003414599,phoP
464,0.044498958,yhhH
465,0.001007534,glmU.atpC
466,0.001048954,yhdG.fis
467,0.000801524,caiA
468,0.000902121,fadL
469,0.004518084,phoH
470,0.001012043,glnD
471,0.000965224,yaeL
472,0.000760608,yabN.setA
473,0.000750217,ddl
474,0.000895588,yecP
475,0.001305615,tldD
476,0.001676731,ECB_02008
477,0.000878796,ebgA
478,0.001582512,mntH.nupC
479,0.003768105,sufD
480,0.001395295,manX
481,0.000851954,sdaC
482,0.003416117,glpT
483,0.001066944,truB
484,0.00168269,pbpG
485,0.001096187,glpG
486,0.002376048,glpF
487,0.002663108,rpoH
488,0.000921764,znuA
489,0.000943267,ECB_02804
490,0.002465424,dinG
491,0.001531812,atoC
492,0.002848201,yejA
493,0.00090995,iclR
494,0.002827032,deaD
495,0.001137184,crr
496,0.001422131,dhaM
497,0.001584722,recO
498,0.013666126,yeaH
499,0.002063124,cobB
500,0.001654223,ybdN
501,0.005858208,lsrD
502,0.004534211,nth.tppB
503,0.006562285,rhtA
504,0.004265052,pgm
505,0.011243862,glnE
506,0.0077887,mioC
507,0.002614904,uhpA
508,0.004210626,uvrA
509,0.000790308,uidA.uidR
510,0.002211571,menC
511,0.000983146,insB
512,0.003070466,yobD
513,0.004686103,clpA
514,0.013642009,rffE
515,0.004642254,adhP
516,0.00223086,wcaA
517,0.004282828,yeaR
518,0.001849248,pgl
519,0.001556312,ydfI
520,0.004293427,yjhV.fecE
521,0.009794304,mutT
522,0.000664861,yhhZ
523,0.003648084,ydhZ.pykF
524,0.097718334,yhjK
525,0.003560841,abgB
526,0.001718329,rstA
527,0.001860568,cra.mraZ
528,0.00956599,mtlA
529,0.005354281,nuoL
530,0.003861909,ribD
531,0.014556413,bglF
532,0.002015887,ydcI
533,0.000740777,galE
534,0.006035229,idnO
535,0.001352904,alr
536,0.001330885,aroK
537,0.004260761,pnp
538,0.007437559,ahpF
539,0.001978131,marA
540,0.043464227,yrhC
541,0.003980678,kup
542,0.000960371,rpsM
543,0.000993241,asnB
544,0.000865902,yagU
545,0.000831035,djlA
546,0.000780551,nupC.yfeA
547,0.001665152,fadH
548,0.001606136,wzyE
549,0.000878612,tktB
550,0.002281688,yifB.ilvL
551,0.000827001,glmS
552,0.002165518,ppiA
553,0.002031753,wbbC
554,0.000863201,yqeA
555,0.000959978,yfcI
556,0.018148901,uspA
557,0.00059496,dnaA
558,0.001013315,ECB_02002
559,0.000880424,yedW
560,0.001055915,lysP
561,0.000885555,yfeY
562,0.001116606,ygcN
563,0.000886368,tap
564,0.001025684,dusB
565,0.001140908,wcaI
566,0.004463664,napA
567,0.001634408,frmR.yaiO
568,0.002603542,mreD
569,0.001289008,prc
570,0.0007899,endA
571,0.000981008,murA
572,0.008846127,trkG
573,0.006092807,mdtJ
574,0.004879119,ybeF
575,0.001584733,ygeH
576,0.006039114,modE
577,0.002072355,fliF
578,0.001625138,yehA
579,0.005838295,manA
580,0.00499296,lhr
581,0.016708226,rhsC
582,0.01180377,cadA
583,0.001123325,ycfK
584,0.002101857,ftsE
585,0.000820759,kup.insJ.5
586,0.002264682,rbsD
587,0.000808757,rtcA
588,0.001934823,rfe
589,0.006686945,glgB
590,0.002582239,yqeG
591,0.003688118,yjiV
592,0.010226962,mgtA
593,0.003764153,flgK
594,0.001014096,acs.nrfA
595,0.001008184,nagA
596,0.000655679,panB
597,0.002562348,yeaG
598,0.002721864,rstB
599,0.003179168,thiP
600,0.001631124,yaiW
601,0.000938979,oppF
602,0.000984172,nuoI
603,0.001327612,yjbM
604,0.000716931,amiD
605,0.002301661,mipA
606,0.421006241,fepA
607,0.053737562,yhhI
608,0.000857374,nirC
609,0.001438349,narI.ychS
610,0.000867621,ybjN.potF
611,0.001065351,ytfN
612,0.002191506,greA.dacB
613,0.004111991,glgC
614,0.002610536,ECB_01999
615,0.096237539,gor
616,0.000846096,rrlB
617,0.001306103,metH
618,0.001235565,amn.yeeN
619,0.004137466,proW
620,0.000841416,yraL
621,0.001020808,yggG
622,0.003604902,speB
623,0.001569206,ygfK
624,0.003500525,dctA.yhjK
625,0.003097474,gltB
626,0.000858012,nuoM
627,0.003431973,uraA
628,0.003424639,glgA
629,0.001176711,gspG
630,0.001378258,yhiO.uspA
631,0.0008705,ECB_02512
632,0.000848222,yhiM.yhiN
633,0.003623694,fhuA
634,0.005874656,emrD
635,0.001631266,ydgJ
636,0.021554033,bcsC
637,0.00161257,glnS.ybfM
638,0.002797131,ycbV
639,0.005517194,guaB
640,0.002157894,yeaN
641,0.002674728,cydB
642,0.000814475,rpsB
643,0.000378984,hscA
644,0.001511254,fxsA
645,0.001823294,abrB
646,0.002210798,citG
647,0.001374945,potC
648,0.000857916,ibpB.yidE
649,0.002040902,yjiK
650,0.000386736,yeiH
651,0.000602429,yfdI
652,0.000687614,ybiO
653,0.001593914,ynfM
654,0.00336791,murC
655,0.008046751,gltX
656,0.004516881,fhuB
657,0.001089104,osmF
658,0.000785212,pncB
659,0.019026127,sspA
660,0.002108075,lepA
661,0.009590749,fadJ
662,0.006263376,narU
663,0.216124555,fes
664,0.055269318,yhhJ
665,0.001082687,hslU
666,0.001109896,ldrC.chaA
667,0.009873738,ybjD
668,0.002768609,araE
669,0.001784298,purL.yfhD
670,0.000642398,ygdH.sdaC
671,0.000958219,hycE
672,0.05169289,yhiO
673,0.000947125,rplU.ispB
674,0.004202277,malQ
675,0.000860451,rtn
676,0.001260222,yjaH
677,0.00119579,hypE
678,0.002521178,yicC
679,0.000804604,ECB_02800
680,0.035856095,yiaG
681,0.001503854,atpF
682,0.000821349,sufI
683,0.001670498,ygaF
684,0.010337981,ydjE
685,0.001584761,lpxK
686,0.008666038,ybjL
687,0.001824057,yodB.serU
688,0.001668142,rrmA
689,0.010766294,yhhW
690,0.00440713,cdaR
691,0.00253389,nuoG
692,0.001054514,rbsC
693,0.007218352,cspC
694,0.004886176,asnS
695,0.001586349,dapB.caX
696,0.001561805,cysK.ptsH
697,0.005381197,hrpB
698,0.001292122,treB
699,0.002117,yeaP
700,0.008740431,ylbE_1
701,0.000701828,elfC
702,0.005803305,aroH
703,0.000996198,speC
704,0.094139401,rbbA
705,0.000759653,rbsB
706,0.001240513,insL.2
707,0.000925504,yjaG.hupA
708,0.006489275,treF
709,0.000850978,ygaD
710,0.000922586,atpC
711,0.000814396,yjcR
712,0.000824115,dapA.gcvR
713,0.000870454,ubiB
714,0.000884637,yhhF
715,0.001883602,cusC
716,0.001450569,orn
717,0.003176058,kch
718,0.002411134,yjiN
719,0.002168563,melA
720,0.058073421,selA
721,0.002070285,asmA
722,0.001624563,fruA
723,0.002603396,insH
724,0.001851854,yraK
725,0.002938412,glf
726,0.002535887,cfa
727,0.000636336,lrp
728,0.004957962,yobF
729,0.001362862,gst
730,0.001211368,perR
731,0.001859088,yfeA
732,0.003782005,ydeM
733,0.000777041,borD
734,0.007693864,ggt
735,0.0079052,zntA
736,0.003980907,ybcM
737,0.009716576,yqaB
738,0.003749724,sfmD
739,0.005078002,nuoE
740,0.054505798,yhiI
741,0.001208246,murF
742,0.001125565,yaeJ
743,0.000861524,poxA
744,0.007380407,glpE
745,0.000746142,yjeH.groS
746,0.003367627,uvrD
747,0.000852252,yjhC
748,0.00079101,argE.argC
749,0.001392981,yjcF
750,0.002886492,yraM
751,0.003883789,glgX
752,0.000827145,ybhN
753,0.003981142,arnT
754,0.003346175,yjgQ
755,0.006197559,udp
756,0.001584749,yneF
757,0.002736671,fabD
758,0.001949066,yicH
759,0.034543888,wecH
760,0.003213882,yhbW
761,0.001650763,fepB
762,0.001985915,pstC
763,0.008566042,yebO
764,0.001302459,ycjM
765,0.050170323,yiaN
766,0.001148003,evgA
767,0.006299915,katE
768,0.001979045,ydgD
769,0.00076506,ybcV
770,0.000770999,ybhG
771,0.005845957,gabP
772,0.005035785,sfmH
773,0.001233705,ycdY
774,0.001550803,yihQ
775,0.001080535,ycfQ
776,0.102099008,yhiJ
777,0.004396337,rbsR
778,0.000906564,hsdM
779,0.001604228,ydgR.gst
780,0.001324591,cusS
781,0.00165544,yafE
782,0.000720869,nrfG.gltP
783,0.002425637,lptB
784,0.02960475,dppD
785,0.000861664,ECB_04076
786,0.004560696,yjeP
787,0.001702735,ECB_00624
788,0.002357316,adhE
789,0.001363922,yjiPQ
790,0.001876926,uxuB
791,0.002230027,idnR
792,0.00193665,fadD
793,0.002476617,gltT
794,0.001499789,yeeE
795,0.00167228,ybaK
796,0.002372308,yhiD
797,0.002719231,maeA
798,0.004320375,osmE
799,0.000646044,rrsG.clpB
800,0.000603023,yaiY
801,0.001668341,ybcW
802,0.001808679,ygbN
803,0.000816898,csgC.ymdA
804,0.003412143,hypF
805,0.003746882,ptrA
806,0.001032162,cyoC
807,0.042548361,yhiL
808,0.007775252,yieO
809,0.001398362,ebgR
810,0.001974016,rnd
811,0.000920861,gltA
812,0.002098983,ECB_00512
813,0.000822777,ybaJ
814,0.001144274,metA
815,0.000919123,rpsC
816,0.001021285,hsdR
817,0.046204406,rhsA
818,0.002090992,aspA
819,0.059612662,bcsB
820,0.00144106,recE
821,0.008621558,mukB
822,0.001936794,yecN
823,0.002154215,galF
824,0.003204423,rhsD
825,0.001899374,exuR
826,0.007350233,sppA
827,0.004398401,hcr
828,0.001791387,nlpI.pnp
829,0.003006726,yobH
830,0.001522322,tqsA
831,0.012275155,yedE
832,0.000940171,fadL.yfdF
833,0.00061926,yaiZ
834,0.006390896,mutS
835,0.000788891,grxB
836,0.001650166,bglX
837,0.001013274,plaP
838,0.054752758,yhiM
839,0.001134757,nmpC.ECB_00513
840,0.006176799,sdaA
841,0.000895386,infA
842,0.000954022,thrS.arpB
843,0.000882587,dsbG
844,0.006130233,actP
845,0.006020918,yjcC
846,0.000840169,IS1_insB.ESCRE4497
847,0.000803384,ECB_04210
848,0.002176824,mak
849,0.002237994,ycbB
850,0.002298953,allD
851,0.002071467,mcrC
852,0.001654157,malI.malX
853,0.001584663,glnB
854,0.001624875,narH
855,0.053816279,gadA
856,0.001647296,asnU
857,0.001817664,glxR
858,0.002001024,pflB
859,0.003070156,kdgR
860,0.008149961,speF
861,0.016080997,rcsC
862,0.001335734,ddlA
863,0.003503881,lolC
864,0.000788497,lolE
865,0.043108471,yhiN
866,0.000905797,citC.gatZ
867,0.006164138,rrlA
868,0.000992102,narP.ccmH
869,0.001004518,pheS.pheM
870,0.000941545,gltL.insJ.2
871,0.004630428,gcl
872,0.000876676,yjhA
873,0.002470665,yjgN
874,0.002190097,ampG
875,0.001060706,prpD
876,0.004980619,ynfF
877,0.002026459,uvrC
878,0.001584677,yfhG
879,0.002678329,hycB
880,0.001917213,nikD
881,0.001601676,pepN
882,0.031984166,yiaK
883,0.00320373,ygcU
884,0.002213667,proP
885,0.001406997,mltB
886,0.001528687,yqiK
887,0.001500213,iraP
888,0.000914292,dnaE
889,0.008068589,ymfD
890,0.000828567,treA.dhaM
891,0.006278439,ccmB
892,0.001064205,ECB_02200.nuoN
893,0.000931181,ECB_02013
894,0.000797815,ykgF
895,0.001149084,cysQ
896,0.001052546,cynX
897,0.000923047,kefA
898,0.000816713,ydbH
899,0.001728505,yniA
900,0.004914337,yeaI
901,0.000772808,csgG
902,0.001967419,nagE
903,0.001676823,fabG.acpP
904,0.005528083,yrfF
905,0.003897037,yjaB
906,0.001732292,phnC
907,0.001967619,yjhP
908,0.001377862,rfbA
909,0.001781242,gatY
910,0.001266607,ygcE.ygcF
911,0.000626979,cysI
912,0.002236365,araG
913,0.002310807,astB
914,0.0038728,phoA
915,0.001285764,ldcC
916,0.052240128,uspB
917,0.001078378,yadG
918,0.001452057,rihB
919,0.007169037,yedV
920,0.006966845,tolR
921,0.000762219,tauD.hemB
922,0.000873453,ybiV
923,0.001213775,lacI
924,0.004181854,yeaJ
925,0.004256587,aspS
926,0.006661096,kdpB
927,0.00889618,fnr
928,0.028733443,dppF
929,0.001675617,ycjT
930,0.001881995,yieG
931,0.010076767,yjdL
932,0.001967253,yrbD
933,0.002020752,cusR
934,0.00164874,ychM
935,0.00119254,ygeY
936,0.00557566,ydgH
937,0.002979495,pepD
938,0.001553745,psiF
939,0.004903454,malP
940,0.005670325,narX
941,0.003296675,chbF
942,0.002415524,mutL
943,0.001533698,smp.serB
944,0.001127898,insJ.3.cysH
945,0.000860531,lysQ
946,0.000745864,ybgQ
947,0.005990065,ydcM
948,0.001656466,yeaM
949,0.0028275,dgoT
950,0.00167687,ydcF
951,0.001584848,cutA
952,0.001625004,rplJ
953,0.001967639,rpoN
954,0.002680698,ycgB.dadA
955,0.001667251,yhfZ
956,0.002458921,cynR
957,0.000396873,adrA
958,0.004441846,ycgG
959,0.001181954,nrdG
960,0.000917446,manB.cpsG
961,0.00054959,tdcR.yhaB
962,0.000895401,ynaK.ECB_01341
963,0.0009575,ybiX.ybiL
964,0.00089581,ruvB
965,0.000840154,torZ
966,0.006839359,ynbC
967,0.008092619,yjiJ
968,0.001702864,gspE
969,0.004443941,ynbD
970,0.001931276,ybgL
971,0.041396267,bcsG
972,0.000554336,yehQ
973,0.002228941,appY
974,0.00081669,proC
975,0.006940334,ddpD
976,0.001248391,rpsG
977,0.001065445,ompN.ydbK
978,0.003320824,ddpF
979,0.008131176,fdhD
980,0.002240761,wcaC
981,0.002694655,yeeU
982,0.008368605,chiA
983,0.00182583,malS
984,0.000805614,gltF
985,0.002223572,dinQ.arsR
986,0.001071551,yeiT
987,0.000885451,yaeF
988,0.001120675,ompT
989,0.00812827,b3783.b4403
990,0.003955672,ybgJ
991,0.000829691,uxaB
992,0.041845873,prlC
993,0.000830493,yhgI.gntT
994,0.001016141,rplS
995,0.001368936,acpD
996,0.001060996,pqiB
997,0.000795738,ulaG
998,0.000810505,maa
999,0.000941568,ybbD
1000,0.001323785,sapA
1001,0.008439262,cho
1002,0.001660597,ansA
1003,0.01244281,yiaY
1004,0.007179415,yphG
1005,0.004074809,rnr
1006,0.002433032,dnaQ
1007,0.004177178,ycjS
1008,0.006860603,ydaM
1009,0.003573913,cpdB
1010,0.001924715,oxc
1011,0.032220127,rlmJ
1012,0.00346076,pflC
1013,0.001014098,ECB_02816
1014,0.001534825,yeeP.flu
1015,0.00091601,insL.5
1016,0.001259155,yfiR
1017,0.001588232,rimJ
1018,0.000921098,IS3_insE.serX
1019,0.000900882,ydfP
1020,0.000895585,yehY
1021,0.007527877,fimH
1022,0.002581603,fumC
1023,0.006929131,yheS
1024,0.001660536,yeaZ
1025,0.065632271,glyQ
1026,0.001144056,envY
1027,0.001211971,ydjI
1028,0.001084891,kup.insJ
1029,0.000914266,rpsD
1030,0.001063869,hdfR.yifE
1031,0.001245309,ydhV
1032,0.000748062,ylaC
1033,0.001452512,rof
1034,0.000885594,ybaP
1035,0.001819374,yjiK.yjiL
1036,0.005169841,mdtF
1037,0.00167947,yhfW
1038,0.001250482,cheR
1039,0.061568702,sgbU
1040,0.000703738,yffP.yffQ
1041,0.003577234,yejG.bcr
1042,0.000822484,ybcH
1043,0.006147681,yajO
1044,0.009150463,ydeU
1045,0.002126594,cheA
1046,0.00087841,yhbE.rpmA
1047,0.000754365,ybaM.priC
1048,0.001290105,yceF
1049,0.00268222,sufS
1050,0.000849344,flgG
1051,0.000893151,ydiR
1052,0.010382982,ugpA
1053,0.001955949,atoA
1054,0.001496764,cysD
1055,0.001076373,yiaU
1056,0.000598753,ravA.kup
1057,0.000723072,gltP.yjcO
1058,0.002041175,nfrA
1059,0.004442205,yajR
1060,0.000813338,ftnB.yecJ
1061,0.001955388,feoB
1062,0.000901644,ygjG
1063,0.001913395,aroD
1064,0.000801475,ytfR
1065,0.001677095,phoU
1066,0.001566674,tus
1067,0.001618512,ilvC
1068,0.000822609,nfrB
1069,0.004838,stfR
1070,0.006258754,ydeT
1071,0.001223676,yqjK
1072,0.000917091,ybdR
1073,0.001819141,ygjR.psrN
1074,0.006932613,envC
1075,0.001580443,amiA
1076,0.001737637,yjbH
1077,0.001313086,yihG.polA
1078,0.00629102,feaB
1079,0.002847403,smtA
1080,0.019990666,arsR
1081,0.000929983,cycA
1082,0.001012936,yghB
1083,0.005655102,ydjG
1084,0.001758906,cdd
1085,0.006932442,fdoG
1086,0.001473055,nac
1087,0.001376201,yihM
1088,0.00079778,rlmB.yjfI
1089,0.001084688,recN
1090,0.002100701,cynT
1091,0.0078394,cbrA
1092,0.005292643,dld
1093,0.101891835,arsB
1094,0.000885758,cca.uppP
1095,0.001310972,ECB_02001
1096,0.000983911,ydiD
1097,0.00089522,ybcU.ECB_00510
1098,0.000830929,ylbF
1099,0.001194323,yebT
1100,0.001634083,malS.avtA
1101,0.002222012,glmU
1102,0.001653523,nlpD
1103,0.0057074,ygfM
1104,0.003326098,pheS
1105,0.00308323,ssuB
1106,0.019997282,arsC
1107,0.001553109,ykgA
1108,0.000734931,yrfE
1109,0.001452212,intD
1110,0.004697498,fadI
1111,0.001611821,metK.galP
1112,0.000765368,ydcK
1113,0.002059424,tar
1114,0.00181517,acnA
1115,0.001277237,nrfD
1116,0.000805561,yjhI
1117,0.000811145,ypfJ
1118,0.049405277,yhiS
1119,0.000801445,yahJ
1120,0.001500757,yciQ
1121,0.000888643,fepD
1122,0.00161182,xapB
1123,0.004426227,yhfX
1124,0.006883001,rffD
1125,0.003364641,creD
1126,0.0007461,cusB
1127,0.004351701,yebK
1128,0.001406827,IS1
1129,0.000955019,waaT
1130,0.001617732,mepA
1131,0.001243566,yehM
1132,0.00102971,entE
1133,0.00275119,idi
1134,0.001056723,focA
1135,0.001747181,gcvR
1136,0.004515797,cstA
1137,0.000794809,intA
1138,0.001086558,ydiY
1139,0.000822769,ycjC
1140,0.001450424,hyfB
1141,0.001546133,ygfU
1142,0.001001274,yehB
1143,0.001439797,ybhR
1144,0.003751102,pheP
1145,0.019667364,slp
1146,0.001099053,yeeI
1147,0.001431815,citT
1148,0.000930389,bioC
1149,0.003978292,aslA
1150,0.013412158,cydD
1151,0.001485635,mnmG
1152,0.001461786,hypD
1153,0.002699593,ybdG
1154,0.004742344,nrdA
1155,0.001080698,ygaM
1156,0.001262091,fhuE
1157,0.001935322,yahK
1158,0.000655059,fimA
1159,0.001235477,purL
1160,0.000837734,ydcR
1161,0.000849417,ECB_00735
1162,0.000887879,yhhN
1163,0.001616667,yhaM
1164,0.004708354,ycaC
1165,0.004132595,ddpA
1166,0.004244987,ydiS
1167,0.000816773,argZ.argY
1168,0.001132954,trg
1169,0.000824909,yfiQ
1170,0.001552304,yfiH
1171,0.000823464,ybeD
1172,0.001095543,nrdE
1173,0.000806597,ydiU
1174,0.001580566,tdcG
1175,0.001727066,lepB
1176,0.000651519,atoE
1177,0.000855137,ycaN
1178,0.002283976,ybdF
1179,0.004893537,dosP
1180,0.003679813,yjhB
1181,0.000929551,ascB
1182,0.043168567,hdeB
1183,0.001009143,ECB_03822
1184,0.000843443,mglB
1185,0.001020255,mcrB
1186,0.010111697,wcaK
1187,0.001611763,ftsA
1188,0.002360051,ybdJ
1189,0.004002738,pqqL
1190,0.003513502,yphH
1191,0.00093885,ygbL
1192,0.001556763,amiC
1193,0.003899424,yejH
1194,0.003260801,kefB
1195,0.001663654,yeaE
1196,0.001694769,citC
1197,0.007333099,pgaC
1198,0.003556056,flgF
1199,0.00301874,ybdK
1200,0.000816929,iap.ygbF
1201,0.052096927,hdeD
1202,0.043798654,yiaV
1203,0.001797465,yqeB
1204,0.00077317,metT.asnB
1205,0.000829082,ybdM
1206,0.001455065,narY
1207,0.004479541,yibD
1208,0.005910064,alsA
1209,0.007752081,potE
1210,0.00100823,ygcG
1211,0.003641349,xdhA
1212,0.007472264,hemE
1213,0.0010191,mntR
1214,0.000792345,rhaA
1215,0.001854069,yohF
1216,0.001525343,yidC
1217,0.001611755,coaE.guaC
1218,0.00153308,yjiS.yjiT
1219,0.003270854,serV
1220,0.000819152,queF.ygdH
1221,0.001439143,narQ
1222,0.001479582,fimE
1223,0.000748509,sgcX
1224,0.001699259,dbpA
1225,0.000501013,yjjI
1226,0.00106012,fucK
1227,0.001698833,hofQ
1228,0.00443757,ycaI
1229,0.045093313,mdtE
1230,0.000854296,mdh.argR
1231,0.001257221,hflB
1232,0.000757048,kduD
1233,0.002358607,yfgI
1234,0.000778232,ybgH.ybgI
1235,0.000731581,citA
1236,0.00070708,potF
1237,0.0014562,hflD
1238,0.000638942,galR
1239,0.000910697,yebS
1240,0.002653057,ybdH
1241,0.0008282,speC.yqgA
1242,0.000720643,ybcR
1243,0.000810389,yrdB
1244,0.001280564,torY
1245,0.001832565,tktA
1246,0.002072962,yqjG
1247,0.001637139,dcuR
1248,0.001949383,gltD
1249,0.00069634,gltT.rrlB
1250,0.001349509,ybdZ
1251,0.004296422,ybfO
1252,0.005035441,ftsN
1253,0.00071714,yqhC
1254,0.030076242,kdgK
1255,0.002711764,yegE
1256,0.003553313,ycaO
1257,0.001611737,ypjA
1258,0.002127703,ispB
1259,0.001611787,yciI.tonB
1260,0.001058122,gadB
1261,0.001310727,citF
1262,0.006671931,ybgK
1263,0.0018435,argG
1264,0.001996582,ldcA
1265,0.000494548,ybcT
1266,0.001232733,ygiE
1267,0.006593675,yhiR
1268,0.001611665,cueO.gcd
1269,0.004530937,nei
1270,0.000816411,yhbX.leuU
1271,0.002239266,leuP
1272,0.01728146,yhdP
1273,0.000721096,ybcU
1274,0.000952792,mokC
1275,0.00083337,yggW
1276,0.00086246,ybhQ
1277,0.000741468,yjiZ
1278,0.00071892,helD
1279,0.001181287,yhcG
1280,0.005427615,lysU
1281,0.020309863,yhjA
1282,0.001059183,ECB_00510
1283,0.001016378,insJ.2
1284,0.001040187,ybiB
1285,0.003731316,hycC
1286,0.052901053,selB
1287,0.001663393,srlE
1288,0.000918038,lldP
1289,0.0016119,recE.XcC
1290,0.002645269,yjgR
1291,0.013531699,yjcH
1292,0.001059137,nohB
1293,0.00127067,insK.2
1294,0.00062713,ECB_00833
1295,0.000830867,fur.fldA
1296,0.001611932,ydeR
1297,0.008509543,astC
1298,0.004404313,ydfV
1299,0.078650125,malX
1300,0.040424644,yhjB
1301,0.001435509,ECB_01510
1302,0.000844901,yghJ.yghK
1303,0.000766318,ECB_00851.ybjL
1304,0.000895482,ompA.sulA
1305,0.001395961,mutH
1306,0.002003195,ydfJ
1307,0.004538776,pabB
1308,0.00254546,mdfA
1309,0.002443855,yjiM
1310,0.047492286,yhjC
1311,0.000994391,ECB_00513
1312,0.001435587,insE.3
1313,0.001452415,yjeM
1314,0.001545103,ygjE
1315,0.00132301,yhdN
1316,0.001612036,ynfM.asr
1317,0.001370667,rsmF
1318,0.052223195,yhjD
1319,0.002267818,ECB_00514
1320,0.001435644,insF.3
1321,0.002033169,putP
1322,0.000897439,yhhX
1323,0.000810563,gspC
1324,0.004273943,glpD
1325,0.000862527,plsB
1326,0.000740253,hchA
1327,0.004378836,yieL
1328,0.04354385,yhjE
1329,0.000986341,ycdN
1330,0.00099718,ytfQ
1331,0.004190866,yeeR
1332,0.007032385,ybiR
1333,0.087418767,bcsE
1334,0.056824893,yhjG
1335,0.000821774,ydcA
1336,0.001305339,gnsB
1337,0.001223222,ycdO
1338,0.000749132,aroG
1339,0.001666667,pyrD
1340,0.004745223,gmd
1341,0.033489548,yhjH
1342,0.000821729,hokB
1343,0.001307671,ynfN
1344,0.000929009,ycdB
1345,0.000831066,aroG.gpmA
1346,0.000832935,ybdA
1347,0.000916033,qseC
1348,0.003748025,uidA
1349,0.008359153,yidA
1350,0.001009094,mokB
1351,0.001290728,ECB_01516
1352,0.001009737,ECB_02818
1353,0.001872554,ycbL
1354,0.000830947,galT
1355,0.002125666,yebN
1356,0.007758817,b3775.b4403
1357,0.046072916,yhjJ
1358,0.000955737,cspI
1359,0.001059181,ycdP
1360,0.042134726,dctA
1361,0.000955151,ycdQ
1362,0.001272656,yhhA
1363,0.000885669,cysB
1364,0.002236679,gldA
1365,0.007990341,ybjS
1366,0.000979783,ydfQ
1367,0.009650338,livJ
1368,0.00134083,wzxE
1369,0.001611591,yebK.pykA
1370,0.001146176,hemX
1371,0.001967463,ydfR
1372,0.000914223,ycdS
1373,0.001498698,agp
1374,0.001648594,ybeM
1375,0.006271592,b1894.b4403
1376,0.001189167,xerC
1377,0.044493507,bcsZ
1378,0.001306216,essQ
1379,0.000836785,lysU.yjdL
1380,0.000765923,ycdG
1381,0.000822788,sgcA
1382,0.001717404,yfdE
1383,0.001098539,ECB_01522
1384,0.002545705,dfp
1385,0.000822885,yjhR
1386,0.005191983,yegR.yegS
1387,0.004809749,macA
1388,0.000841725,yigG.rarD
1389,0.068052013,bcsA
1390,0.001152649,ECB_01523
1391,0.002112682,hscC
1392,0.000815566,cytR
1393,0.052528779,bcsQ
1394,0.000981561,manB
1395,0.001044348,yicL
1396,0.001283982,yhfT
1397,0.003676758,yhgF
1398,0.003987927,macB
1399,0.001059476,ptsA
1400,0.030580509,yhjR
1401,0.001437852,manC
1402,0.001242195,ECB_00515
1403,0.001611732,insH.8.narP
1404,0.018134496,pcm
1405,0.008294461,ynjC
1406,0.001194642,thiE
1407,0.000987155,insB.14
1408,0.000903837,ECB_00516
1409,0.000830914,ssuD
1410,0.0007542,ECB_03714
1411,0.001611942,napB
1412,0.000987447,insA.14
1413,0.001214293,ECB_00517
1414,0.00161677,aceA
1415,0.000918752,bipA.yihL
1416,0.000744257,glyV.glyX
1417,0.001414551,rfc
1418,0.035294579,ldrD
1419,0.000763549,yhhL
1420,0.003488755,ycaK
1421,0.000824765,insD.yjgZ
1422,0.001024304,wzy
1423,0.000831126,ycdW
1424,0.000912722,ydjX
1425,0.001553101,kptA
1426,0.001611871,nuoB
1427,0.000916432,fecA
1428,0.017450838,yhjV
1429,0.000980244,wbbB
1430,0.000831146,ycdZ
1431,0.005647123,phnD
1432,0.001611742,yfbQ
1433,0.004460629,gapA
1434,0.00092848,wbbA
1435,0.000737134,goaG
1436,0.000694825,ygdD
1437,0.001339052,bglA
1438,0.000987112,vioB
1439,0.000955562,insE.4
1440,0.001611762,yfcD.yfcE
1441,0.059889255,dppC
1442,0.00096797,vioA
1443,0.000990809,insF.4
1444,0.001775961,yecT
1445,0.008744327,alsK
1446,0.046288507,dppB
1447,0.001559323,wzx
1448,0.000954832,ECB_01526
1449,0.0008984,ECB_00524
1450,0.000992305,rnk
1451,0.019662961,dppA
1452,0.000797846,flhB
1453,0.001611805,cvpA
1454,0.002520244,yggN
1455,0.00091584,rmlC
1456,0.000746271,yjdB
1457,0.000895861,yeaS
1458,0.000912824,araH
1459,0.000908855,fklB.cycA
1460,0.001611849,frc
1461,0.00508881,torA
1462,0.002383429,smf
1463,0.028823747,proK
1464,0.001260047,ECB_00526
1465,0.004598689,yeeA
1466,0.001042232,rfbD
1467,0.000890192,ECB_00527
1468,0.000842575,insL.3
1469,0.000822783,yidX
1470,0.001941947,ycgV.ychF
1471,0.001611941,pepB
1472,0.003009014,sufB
1473,0.041665028,yhjX
1474,0.001566254,rfbB
1475,0.001188568,ECB_00528
1476,0.000892934,sufC
1477,0.002216402,hcaT
1478,0.034865479,yhjY
1479,0.000905175,ECB_00529
1480,0.001159748,modA
1481,0.000895909,yecA
1482,0.004181376,yebQ
1483,0.029166586,tag
1484,0.001642613,wcaM
1485,0.000891603,ECB_00530
1486,0.001611543,XiA
1487,0.006965708,garR
1488,0.004535707,purT
1489,0.028779569,yiaC
1490,0.000799604,ccrB
1491,0.001414361,wcaL
1492,0.000809082,ybdQ
1493,0.000771746,ydcI.ydcJ
1494,0.000921574,yedD
1495,0.000776225,ydhB
1496,0.001675625,flhC
1497,0.096883606,bisC
1498,0.000899457,yeaY
1499,0.001335281,baeR
1500,0.000893023,yeaV
1501,0.002358948,cysN
1502,0.001118018,dam
1503,0.004181766,cheY
1504,0.004162223,yfbK
1505,0.00078908,yfiF
1506,0.001049569,cutC
1507,0.001087696,ydfI.ydfK
1508,0.016824253,yiaD
1509,0.00098016,wzxC
1510,0.000772382,narW
1511,0.001723652,nlpC
1512,0.001772304,asnT.yeeJ
1513,0.056763787,ghrB
1514,0.003641561,wcaJ
1515,0.001264201,ylcC
1516,0.000764508,yddQ
1517,0.000831055,yciM
1518,0.00089318,yoaB
1519,0.001611854,intF
1520,0.001416253,yejK
1521,0.001477181,ydjJ
1522,0.001180103,ydiM
1523,0.028860001,yiaF
1524,0.000799631,ybeR
1525,0.000764166,yneK
1526,0.001611599,aXE.kduD
1527,0.019190373,ftsY
1528,0.002677711,ycfD
1529,0.000566326,leuX.insC
1530,0.000831017,ycjJ.ycjK
1531,0.001611781,xanQ
1532,0.000748388,yghU.hybG
1533,0.0020034,asnB.nagD
1534,0.000809172,citX
1535,0.001056572,ydeI
1536,0.004684542,ptrB
1537,0.00161167,yggP
1538,0.004342081,ttdA
1539,0.033825754,hokA
1540,0.001150362,ECB_01906
1541,0.001629748,ybgI
1542,0.001009027,nfnB
1543,0.000809117,citE
1544,0.002003305,yghG
1545,0.001469643,ompA
1546,0.001025652,ydcL
1547,0.00187849,citD
1548,0.000879113,yeiW
1549,0.004072265,yhbU
1550,0.00072279,fimC.fimD
1551,0.006457838,recG
1552,0.00084934,yojL
1553,0.0016117,dkgA.yqhG
1554,0.011111946,tdh
1555,0.001261938,ydgK
1556,0.000809312,insB.9
1557,0.00178624,ynjE
1558,0.007320793,baeS
1559,0.001330548,ydiB
1560,0.019740664,glyS
1561,0.001260382,insJ.1
1562,0.001036276,ydhY
1563,0.000809239,insA.9
1564,0.0013532,mipA.yeaG
1565,0.002719215,ltaE
1566,0.003069505,yciB
1567,0.001391142,yegZ
1568,0.000916824,insK.1
1569,0.001782023,yebZ
1570,0.001125747,ECB_01994
1571,0.001007503,ECB_01989
1572,0.000905058,insB.7
1573,0.000748794,yobB
1574,0.001959246,aer
1575,0.00439571,ycjO
1576,0.000932348,ECB_01990
1577,0.000800924,srlD
1578,0.001257446,insA.7
1579,0.001361286,rhtC
1580,0.044898199,yiaA
1581,0.001099626,ECB_01991
1582,0.001058431,metR
1583,0.008268829,dhaR
1584,0.001611819,muX
1585,0.006692955,yfhM
1586,0.050435153,xylB
1587,0.001078408,gltA.sdhC
1588,0.001029217,ECB_01993
1589,0.000939572,gutQ
1590,0.000886728,yegM
1591,0.000765672,yehW
1592,0.001986028,kdsD
1593,0.001178278,tehA
1594,0.000908125,ygaA
1595,0.000732869,yegN
1596,0.00108855,mglA
1597,0.002128197,mtgA
1598,0.008493029,acs
1599,0.001000837,ECB_01995
1600,0.000893266,yegO
1601,0.000763467,cirA.lysP
1602,0.001964193,rpiR.rpiB
1603,0.002096245,yhbX
1604,0.000896034,yegB
1605,0.000761927,yeiE
1606,0.003422818,yhbY
1607,0.001015342,ECB_01997
1608,0.000751758,fdnG
1609,0.007773386,ascF
1610,0.001611658,cysG.yhfL
1611,0.001499611,ydiI
1612,0.000963195,ECB_01998
1613,0.000764991,ccmF
1614,0.000843667,ygbK
1615,0.006312033,b4479.b4403
1616,0.002438527,btuE
1617,0.001524724,ydiP.ydiQ
1618,0.052509399,bax
1619,0.003577782,ascG
1620,0.000997005,yegP
1621,0.001212531,fimG
1622,0.001001201,ECB_02000
1623,0.005404292,nikC
1624,0.053326092,avtA
1625,0.002036588,nikR
1626,0.005035214,yjjV
1627,0.052593893,ysaA
1628,0.000852922,dsdX
1629,0.000865452,ygdL
1630,0.001522746,ada
1631,0.001802103,ilvD
1632,0.056461386,yiaJ
1633,0.002240567,ydiH
1634,0.001489734,yfcF
1635,0.000801456,yceE
1636,0.001611998,uspA.dtpB
1637,0.001001247,ECB_02004
1638,0.000755352,dedD
1639,0.00318123,gshA
1640,0.056462759,yiaL
1641,0.001016011,ECB_02005
1642,0.002314069,flk
1643,0.000830914,ydhK
1644,0.000982598,ECB_02006
1645,0.000957446,yeeP
1646,0.001611695,waaY
1647,0.002479803,yoaE
1648,0.001618615,yeeS
1649,0.001013508,ECB_02007
1650,0.000958736,hycD
1651,0.000768934,yfcO
1652,0.00142517,murP
1653,0.000810532,ygcQ
1654,0.008032096,xanP
1655,0.056619205,yiaO
1656,0.018603925,lyxK
1657,0.00100112,ECB_02009
1658,0.000835485,ECB_02802
1659,0.001010907,ECB_02010
1660,0.000864586,hycA
1661,0.000797113,yafZ
1662,0.000770798,ydiN
1663,0.001611701,yigG
1664,0.002008824,ypfG
1665,0.001031779,ECB_02011
1666,0.00076496,yffI
1667,0.001530891,rXA
1668,0.003980917,ppdB
1669,0.055855575,sgbE
1670,0.001029226,ECB_02012
1671,0.000831089,celF.celD
1672,0.00195849,argH
1673,0.000833289,yeeT
1674,0.001611843,lamB.malM
1675,0.001546568,ygcR
1676,0.001611643,nrfA
1677,0.000834585,yeeV
1678,0.002045186,ydiP
1679,0.000962005,ygcS
1680,0.000836287,cheZ
1681,0.001611685,fecB
1682,0.001411853,yeaW
1683,0.006147042,speG
1684,0.000835329,yeeW
1685,0.000836392,yecI
1686,0.005629273,fecR
1687,0.00560717,glcB
1688,0.000835396,ECB_02810
1689,0.001970238,uxuA
1690,0.005758269,ynfH
1691,0.000952552,yfjM.rnlA
1692,0.000860474,ECB_02811
1693,0.004280352,yjiR
1694,0.000864316,pphB
1695,0.000835474,ECB_02812
1696,0.000819597,csiD
1697,0.000830963,yehR
1698,0.001150825,yqcE
1699,0.001651978,yfjR
1700,0.000835445,ECB_02813
1701,0.000831071,yehV
1702,0.001611878,kefF
1703,0.003902898,gudP
1704,0.000860422,ECB_02814
1705,0.001611709,qmcA
1706,0.0022051,lhgO
1707,0.000860502,ECB_02815
1708,0.000806569,ydiA
1709,0.001611648,ybcJ
1710,0.001469036,zwf
1711,0.006035032,agaC
1712,0.001753566,yebA
1713,0.005609126,ydjF
1714,0.001584358,prfB
1715,0.00230535,yebC
1716,0.001184738,yeaD
1717,0.005720555,livH
1718,0.000765376,yggJ
1719,0.000810509,ygjK
1720,0.001255892,yeaK
1721,0.000860196,ygjO
1722,0.001611721,ybeX
1723,0.000765418,ECB_02838
1724,0.000883928,rpsE
1725,0.001614631,plsC
1726,0.001008019,kbaZ
1727,0.00098666,ECB_02817
1728,0.004308441,glcF
1729,0.000743763,yfaS
1730,0.000827437,gspD
1731,0.001133758,trkA
1732,0.001550033,yghU
1733,0.001869052,uvrY
1734,0.001133775,pabA
1735,0.000916639,ptsN
1736,0.000984577,ECB_02819
1737,0.00142534,yeeT.yeeU
1738,0.001611762,ybgF
1739,0.005624903,aphA
1740,0.001051457,ECB_02820
1741,0.000958097,yjiW
1742,0.00083095,yfbW
1743,0.001611816,leuO
1744,0.016543505,acpT
1745,0.001066604,hsdS
1746,0.006560461,uhpT
1747,0.000992913,ECB_02822
1748,0.000852896,ECB_02851
1749,0.001611786,ycaD
1750,0.000993738,insB.22
1751,0.001020957,yqiK.rfaE
1752,0.003396386,dacD
1753,0.005163814,dgoD
1754,0.000995027,insA.22
1755,0.001786779,yhfS
1756,0.00135128,ECB_02825
1757,0.000764923,ygjH
1758,0.006352754,yifB
1759,0.00390276,trmH
1760,0.00098575,ECB_02826
1761,0.000765201,folP
1762,0.003804123,yibL
1763,0.000860609,ECB_02827
1764,0.001935498,acrF
1765,0.003896396,secB
1766,0.00100792,yiiE
1767,0.000953694,ECB_02828
1768,0.001781359,insI
1769,0.000983121,yghD
1770,0.000950735,yghE
1771,0.000834808,yrbK
1772,0.000879654,exuT
1773,0.00097827,ECB_02831
1774,0.002196506,hyfR
1775,0.000874712,yhfG
1776,0.000983766,ECB_02833
1777,0.000801521,yddG
1778,0.001173935,fimC
1779,0.000990915,ECB_02834
1780,0.002766969,nuoJ
1781,0.00146428,yjjG.prfC
1782,0.000986063,ECB_02835
1783,0.000875027,gntR
1784,0.001377974,degQ
1785,0.00874422,eutC
1786,0.001018549,ECB_02836
1787,0.000834754,yhdY
1788,0.00128085,yejE
1789,0.005412052,thiH
1790,0.000830963,pheA
1791,0.003171108,ygaU
1792,0.001791915,purH
1793,0.006121985,mtr
1794,0.004002276,malE
1795,0.004830902,acrD
1796,0.002032213,aidB
1797,0.000806554,celF
1798,0.0007829,ECB_03460
1799,0.004579432,hcaR
1800,0.000830933,cysD.iap
1801,0.001163933,glpC
1802,0.006359984,basS
1803,0.001253972,yjhQ
1804,0.00471524,psd
1805,0.000831073,ygcM
1806,0.000901274,gspA
1807,0.001750671,uxuR
1808,0.004449734,adiA
1809,0.0047415,dcuS
1810,0.003623517,bglG
1811,0.006260272,glvG
1812,0.000797656,ygeD
1813,0.004672115,ubiH
1814,0.006689338,grpE
1815,0.000765306,yieC
1816,0.000840195,ydjR
1817,0.001269869,accD
1818,0.000822793,sgcR
1819,0.000765913,astE
1820,0.003779048,rffG
1821,0.000822834,sgcE
1822,0.00083103,gcvH.gcvT
1823,0.000840329,topB
1824,0.00217169,ygfI
1825,0.001669167,panF
1826,0.00080662,astD
1827,0.000822708,sgcQ
1828,0.000842306,sgcC
1829,0.000822582,sgcB
1830,0.004915027,yhfK
1831,0.001323148,rtcR
1832,0.001452915,fimB
1833,0.000822802,ECB_04174
1834,0.000743913,glcD
1835,0.00097316,yecR
1836,0.000831014,ECB_02855
1837,0.001547768,fimI
1838,0.000822809,yjhS
1839,0.000815034,ugpQ
1840,0.000822792,yjhT
1841,0.000810963,ugpC
1842,0.003713885,yjbB
1843,0.001553083,fimF
1844,0.001055999,ugpE
1845,0.000765343,lysC.pgi
1846,0.000830865,ygiY
1847,0.000822792,insB.27
1848,0.000892031,malE.malK
1849,0.006214899,ugpB
1850,0.000762811,phnI
1851,0.00082284,insA.27
1852,0.00099347,yhhT
1853,0.001321185,gntP
1854,0.000849569,livF
1855,0.000875963,livG
1856,0.010528098,nikA
1857,0.006222484,livM
1858,0.007050218,nikB
1859,0.002334329,yrbG
1860,0.000830952,cca
1861,0.005213296,fumB
1862,0.001590535,yjiC
1863,0.000809589,livK
1864,0.002730135,yjiD
1865,0.000858843,yhhK
1866,0.00080976,nikE
1867,0.003385735,yihG
1868,0.002727447,yjiE
1869,0.000830934,tdcG.tdcF
1870,0.001889099,ygcE
1871,0.002137922,iadA
1872,0.001559309,yjiG
1873,0.00155085,yjiH
1874,0.000831005,rbfA.infB
1875,0.000810594,yhbH
1876,0.000806773,ydjH
1877,0.005936216,yhcC
1878,0.000998914,yjjP
1879,0.001315036,yjiL
1880,0.000850082,yhhM
1881,0.000825551,idnT.idnO
1882,0.003224219,rplE
1883,0.000764717,ECB_04148
1884,0.004396859,ulaA
1885,0.005989707,rplN
1886,0.001547081,yjiO
1887,0.000844505,yhbL
1888,0.000847386,sirA
1889,0.00083903,yhhQ
1890,0.000758807,acrE
1891,0.001560427,insA.28
1892,0.000847569,dcrB
1893,0.003848809,mdoB
1894,0.003313767,yheM
1895,0.001555222,insB.28
1896,0.006089954,yhhS
1897,0.000777402,rrfD
1898,0.005717472,fic
1899,0.005875058,nirB
1900,0.000810709,nanK
1901,0.003285424,gph
1902,0.000810853,dcuD
1903,0.005507372,rpe
1904,0.004358081,damX
1905,0.000889415,yhjQ
1906,0.005552541,mrcA
1907,0.000834614,yhiH
1908,0.002361999,degS
1909,0.005788345,yhgE
1910,0.001411072,yhiKL
1911,0.00075711,yicF
1912,0.002887139,rplR
1913,0.004845697,gspL
1914,0.004546908,yhfA
1915,0.005565221,yhgA
1916,0.000839301,yhiP
1917,0.000838321,yhiQ
1918,0.001501684,kdgK.yhjJ
1919,0.000810579,maf
1920,0.006272953,yidJ
1921,0.003733301,yibQ
1922,0.00084628,yhiF
1923,0.003212025,asd
1924,0.00084555,hdeA
1925,0.00421282,yhgN
1926,0.003674096,gntU
1927,0.000768337,yhiE
1928,0.000806684,znuC
1929,0.000847385,yhiU
1930,0.000845626,yhiV
1931,0.000848397,yhiW
1932,0.001288993,frvA
1933,0.001493737,gadX
1934,0.000830918,coaA
1935,0.000806592,amn
1936,0.000831,yjeH.groES
1937,0.001610172,yjdP
1938,0.004167376,frdA
1939,0.000831029,hflC
1940,0.000849891,yhjN
1941,0.000951793,yhjO
1942,0.001548541,mpl
1943,0.000844452,yrdC
1944,0.000810601,smg
1945,0.000830925,lasT
1946,0.001196521,creC
1947,0.000750694,pckA
1948,0.000831041,gapC
1949,0.00083095,insA.12
1950,0.000831056,insB.12
1951,0.000831003,cybB
1952,0.000801524,ilvA
1953,0.000810854,fkpA
1954,0.000801432,trmA
1955,0.000810679,yhfV
1956,0.000810581,hslO
1957,0.006693412,ade
1958,0.000810647,ECB_03279
1959,0.005962346,aslB
1960,0.006695899,yigF
1961,0.007417528,rarD
1962,0.000810652,cspA
1963,0.003989379,phnK
1964,0.003952875,dcuB
1965,0.006664577,yjeK
1966,0.000831052,alsB
1967,0.0008308,rpiR
1968,0.000830947,rpiB
1969,0.000831067,phnP
1970,0.000830944,phnO
1971,0.000831029,phnN
1972,0.000830905,phnM
1973,0.008701502,yjfC
1974,0.000830934,phnL
1975,0.000831174,phnJ
1976,0.000830959,phnH
1977,0.000831016,phnG
1978,0.000831022,phnF
1979,0.000830976,phnE
1980,0.000830994,phnB
1981,0.000830957,phnA
1982,0.000831045,yjdA
1983,0.000831095,yjcZ
1984,0.000831003,basR
1985,0.000831004,yjdE
1986,0.000830952,melR
1987,0.000831039,melB
1988,0.000831048,yjdF
1989,0.000831119,yjdI
1990,0.000830935,yjdJ
